paper_id,author_id,corresponding
f9c602cc436a9ea2f9e7db48c77d924e09ce3c32,145642373.0,True
f9c602cc436a9ea2f9e7db48c77d924e09ce3c32,4565995.0,False
f9c602cc436a9ea2f9e7db48c77d924e09ce3c32,2742129.0,False
4954fa180728932959997a4768411ff9136aac81,2057642721.0,True
4954fa180728932959997a4768411ff9136aac81,144758007.0,False
4954fa180728932959997a4768411ff9136aac81,2108406634.0,False
4954fa180728932959997a4768411ff9136aac81,2545358.0,False
4954fa180728932959997a4768411ff9136aac81,36347083.0,False
4954fa180728932959997a4768411ff9136aac81,49959210.0,False
4954fa180728932959997a4768411ff9136aac81,145139947.0,False
4954fa180728932959997a4768411ff9136aac81,1780892.0,False
4954fa180728932959997a4768411ff9136aac81,2060655766.0,False
4954fa180728932959997a4768411ff9136aac81,2090818.0,False
4954fa180728932959997a4768411ff9136aac81,1942300.0,False
4954fa180728932959997a4768411ff9136aac81,3369421.0,False
4954fa180728932959997a4768411ff9136aac81,3089272.0,False
4954fa180728932959997a4768411ff9136aac81,144375552.0,False
4954fa180728932959997a4768411ff9136aac81,20154699.0,False
4954fa180728932959997a4768411ff9136aac81,32163737.0,False
4954fa180728932959997a4768411ff9136aac81,2080690.0,False
4954fa180728932959997a4768411ff9136aac81,2053781980.0,False
4954fa180728932959997a4768411ff9136aac81,47941411.0,False
4954fa180728932959997a4768411ff9136aac81,35078078.0,False
4954fa180728932959997a4768411ff9136aac81,2117163698.0,False
4954fa180728932959997a4768411ff9136aac81,2108113547.0,False
9c9d7247f8c51ec5a02b0d911d1d7b9e8160495d,2057642721.0,True
9c9d7247f8c51ec5a02b0d911d1d7b9e8160495d,2078528337.0,False
9c9d7247f8c51ec5a02b0d911d1d7b9e8160495d,144758007.0,False
9c9d7247f8c51ec5a02b0d911d1d7b9e8160495d,2445241.0,False
9c9d7247f8c51ec5a02b0d911d1d7b9e8160495d,2545358.0,False
9c9d7247f8c51ec5a02b0d911d1d7b9e8160495d,48738717.0,False
9c9d7247f8c51ec5a02b0d911d1d7b9e8160495d,32131713.0,False
9c9d7247f8c51ec5a02b0d911d1d7b9e8160495d,36347083.0,False
9c9d7247f8c51ec5a02b0d911d1d7b9e8160495d,49959210.0,False
9c9d7247f8c51ec5a02b0d911d1d7b9e8160495d,145139947.0,False
9c9d7247f8c51ec5a02b0d911d1d7b9e8160495d,1780892.0,False
9c9d7247f8c51ec5a02b0d911d1d7b9e8160495d,153440022.0,False
9c9d7247f8c51ec5a02b0d911d1d7b9e8160495d,2064102917.0,False
9c9d7247f8c51ec5a02b0d911d1d7b9e8160495d,2060655766.0,False
9c9d7247f8c51ec5a02b0d911d1d7b9e8160495d,2090818.0,False
9c9d7247f8c51ec5a02b0d911d1d7b9e8160495d,39978391.0,False
9c9d7247f8c51ec5a02b0d911d1d7b9e8160495d,1944541.0,False
9c9d7247f8c51ec5a02b0d911d1d7b9e8160495d,40527594.0,False
9c9d7247f8c51ec5a02b0d911d1d7b9e8160495d,1942300.0,False
9c9d7247f8c51ec5a02b0d911d1d7b9e8160495d,3369421.0,False
9c9d7247f8c51ec5a02b0d911d1d7b9e8160495d,30415265.0,False
9c9d7247f8c51ec5a02b0d911d1d7b9e8160495d,3089272.0,False
9c9d7247f8c51ec5a02b0d911d1d7b9e8160495d,144375552.0,False
9c9d7247f8c51ec5a02b0d911d1d7b9e8160495d,20154699.0,False
9c9d7247f8c51ec5a02b0d911d1d7b9e8160495d,37232298.0,False
9c9d7247f8c51ec5a02b0d911d1d7b9e8160495d,144927151.0,False
9c9d7247f8c51ec5a02b0d911d1d7b9e8160495d,1789737.0,False
9c9d7247f8c51ec5a02b0d911d1d7b9e8160495d,32163737.0,False
9c9d7247f8c51ec5a02b0d911d1d7b9e8160495d,1701686.0,False
9c9d7247f8c51ec5a02b0d911d1d7b9e8160495d,35210462.0,False
9c9d7247f8c51ec5a02b0d911d1d7b9e8160495d,2080690.0,False
9c9d7247f8c51ec5a02b0d911d1d7b9e8160495d,2657155.0,False
9c9d7247f8c51ec5a02b0d911d1d7b9e8160495d,2053781980.0,False
9c9d7247f8c51ec5a02b0d911d1d7b9e8160495d,1765169.0,False
9c9d7247f8c51ec5a02b0d911d1d7b9e8160495d,1689108.0,False
9c9d7247f8c51ec5a02b0d911d1d7b9e8160495d,47941411.0,False
9c9d7247f8c51ec5a02b0d911d1d7b9e8160495d,145233583.0,False
9c9d7247f8c51ec5a02b0d911d1d7b9e8160495d,35078078.0,False
9c9d7247f8c51ec5a02b0d911d1d7b9e8160495d,2117163698.0,False
9c9d7247f8c51ec5a02b0d911d1d7b9e8160495d,2152198093.0,False
bc00ff34ec7772080c7039b17f7069a2f7df0889,48395540.0,True
0090023afc66cd2741568599057f4e82b566137c,51997673.0,True
0090023afc66cd2741568599057f4e82b566137c,2775559.0,False
0090023afc66cd2741568599057f4e82b566137c,51884035.0,False
0090023afc66cd2741568599057f4e82b566137c,1782658.0,False
0090023afc66cd2741568599057f4e82b566137c,143728483.0,False
794b3ffd28d28606230efc975eeec9f0522fb139,1713687.0,True
f9c990b1b5724e50e5632b94fdb7484ece8a6ce7,3008587.0,True
f9c990b1b5724e50e5632b94fdb7484ece8a6ce7,2192200.0,False
f9c990b1b5724e50e5632b94fdb7484ece8a6ce7,49528584.0,False
f9c990b1b5724e50e5632b94fdb7484ece8a6ce7,1739816.0,False
f9c990b1b5724e50e5632b94fdb7484ece8a6ce7,145771919.0,False
f9c990b1b5724e50e5632b94fdb7484ece8a6ce7,2183294.0,False
53c9f3c34d8481adaf24df3b25581ccf1bc53f5c,1720124.0,True
53c9f3c34d8481adaf24df3b25581ccf1bc53f5c,3439407.0,False
53c9f3c34d8481adaf24df3b25581ccf1bc53f5c,2149373363.0,False
53c9f3c34d8481adaf24df3b25581ccf1bc53f5c,3410970.0,False
53c9f3c34d8481adaf24df3b25581ccf1bc53f5c,118188801.0,False
53c9f3c34d8481adaf24df3b25581ccf1bc53f5c,2145494483.0,False
8e3c872076750bcce868808f9d4d7a038f950040,2345603162.0,True
597bd2e45427563cdf025e53a3239006aa364cfc,48594758.0,True
597bd2e45427563cdf025e53a3239006aa364cfc,3410500.0,False
597bd2e45427563cdf025e53a3239006aa364cfc,2095762.0,False
597bd2e45427563cdf025e53a3239006aa364cfc,2047998.0,False
597bd2e45427563cdf025e53a3239006aa364cfc,40046694.0,False
597bd2e45427563cdf025e53a3239006aa364cfc,2156641189.0,False
597bd2e45427563cdf025e53a3239006aa364cfc,1754926.0,False
597bd2e45427563cdf025e53a3239006aa364cfc,1702139.0,False
f0dcc9aa31dc9b31b836bcac1b140c8c94a2982d,2520493.0,True
f0dcc9aa31dc9b31b836bcac1b140c8c94a2982d,34828439.0,False
f0dcc9aa31dc9b31b836bcac1b140c8c94a2982d,3469125.0,False
f0dcc9aa31dc9b31b836bcac1b140c8c94a2982d,1723945.0,False
9f5b82d9915d0752957602224c5056be7e749c83,36203548.0,True
9f5b82d9915d0752957602224c5056be7e749c83,2242477024.0,False
7872f34e2a164c5cf3c34a7a7433dc3342b6c7ea,3456687.0,True
ad4fd2c149f220a62441576af92a8a669fe81246,2570016.0,True
ad4fd2c149f220a62441576af92a8a669fe81246,3025780.0,False
ad4fd2c149f220a62441576af92a8a669fe81246,1797840.0,False
ad4fd2c149f220a62441576af92a8a669fe81246,52200573.0,False
ad4fd2c149f220a62441576af92a8a669fe81246,8493461.0,False
ad4fd2c149f220a62441576af92a8a669fe81246,2958756.0,False
ad4fd2c149f220a62441576af92a8a669fe81246,27257992.0,False
ad4fd2c149f220a62441576af92a8a669fe81246,1881041.0,False
ad4fd2c149f220a62441576af92a8a669fe81246,2780213.0,False
ad4fd2c149f220a62441576af92a8a669fe81246,2067827437.0,False
ad4fd2c149f220a62441576af92a8a669fe81246,39571582.0,False
ad4fd2c149f220a62441576af92a8a669fe81246,2081469.0,False
ad4fd2c149f220a62441576af92a8a669fe81246,144720379.0,False
ad4fd2c149f220a62441576af92a8a669fe81246,3084321.0,False
ad4fd2c149f220a62441576af92a8a669fe81246,2423884.0,False
ad4fd2c149f220a62441576af92a8a669fe81246,35243423.0,False
ad4fd2c149f220a62441576af92a8a669fe81246,1710398.0,False
d422df8bff4e677a3077635db116679d25142bfc,1694621.0,True
d422df8bff4e677a3077635db116679d25142bfc,2066277988.0,False
5c39e37022661f81f79e481240ed9b175dec6513,1388372395.0,True
5c39e37022661f81f79e481240ed9b175dec6513,3351164.0,False
807c1f19047f96083e13614f7ce20f2ac98c239a,145341779.0,True
730ca170962a58607e092035beb2afc4b5fa6242,71619391.0,True
360ca02e6f5a5e1af3dce4866a257aafc2d6d6f5,2056417995.0,True
56e8863838b4dcc4790108cd1e7e680a104a7c30,50349508.0,True
d8384f7ef288d2d5cb267128471c5427fc98b54b,1743797.0,True
d8384f7ef288d2d5cb267128471c5427fc98b54b,1766703.0,False
ba969a4f3bc5f5a84f6025478e566c40661d85f3,2340435.0,True
ba969a4f3bc5f5a84f6025478e566c40661d85f3,8973853.0,False
ba969a4f3bc5f5a84f6025478e566c40661d85f3,1737469.0,False
7c54d9b80113f637e447199d8ffbfe4b0678cc6f,46775628.0,True
7c54d9b80113f637e447199d8ffbfe4b0678cc6f,2668864.0,False
c3ebcef26c22a373b6f26a67934213eb0582804e,35729970.0,True
c3ebcef26c22a373b6f26a67934213eb0582804e,34165212.0,False
6bc43977fb11cceed0b9aa55b23c6dd29dd9a132,118860642.0,True
66c98f818ed342832b27ddac69998e8ea63fc7bf,2110773815.0,True
66c98f818ed342832b27ddac69998e8ea63fc7bf,2244859858.0,False
66c98f818ed342832b27ddac69998e8ea63fc7bf,2180699015.0,False
66c98f818ed342832b27ddac69998e8ea63fc7bf,9105629.0,False
66c98f818ed342832b27ddac69998e8ea63fc7bf,40286480.0,False
66c98f818ed342832b27ddac69998e8ea63fc7bf,143931711.0,False
66c98f818ed342832b27ddac69998e8ea63fc7bf,153307091.0,False
66c98f818ed342832b27ddac69998e8ea63fc7bf,2152934707.0,False
42c5e4459560852f3b222f0c9fd2838a1e14a4c3,2118763370.0,True
42c5e4459560852f3b222f0c9fd2838a1e14a4c3,2152196535.0,False
42c5e4459560852f3b222f0c9fd2838a1e14a4c3,2155469694.0,False
42c5e4459560852f3b222f0c9fd2838a1e14a4c3,2130021053.0,False
42c5e4459560852f3b222f0c9fd2838a1e14a4c3,35103216.0,False
42c5e4459560852f3b222f0c9fd2838a1e14a4c3,2144622766.0,False
ecc2ca3150dc4d4d8dceedab244114f191e05742,2435233.0,True
ecc2ca3150dc4d4d8dceedab244114f191e05742,3262600.0,False
13653c06f1cecd84cc692f6195c33cc9b849139c,50704309.0,True
13653c06f1cecd84cc692f6195c33cc9b849139c,48229862.0,False
13653c06f1cecd84cc692f6195c33cc9b849139c,2116287782.0,False
13653c06f1cecd84cc692f6195c33cc9b849139c,8581929.0,False
911fbaec109f72130815e05e2633ec879590382c,2173960876.0,True
911fbaec109f72130815e05e2633ec879590382c,26981228.0,False
911fbaec109f72130815e05e2633ec879590382c,2121964257.0,False
911fbaec109f72130815e05e2633ec879590382c,1395754308.0,False
98c25683fc8d6446448b734b1bcf08e1457f8d85,2247520360.0,True
98c25683fc8d6446448b734b1bcf08e1457f8d85,1788277.0,False
98c25683fc8d6446448b734b1bcf08e1457f8d85,2285903189.0,False
f0d4ddf7167d03d0992844bc29f4c1586f37841e,35624289.0,True
f0d4ddf7167d03d0992844bc29f4c1586f37841e,2084835905.0,False
f0d4ddf7167d03d0992844bc29f4c1586f37841e,152800056.0,False
f0d4ddf7167d03d0992844bc29f4c1586f37841e,2496043.0,False
7da309bf7cd04a2cc5b4047e40c0caae996a01f6,1735906.0,True
7da309bf7cd04a2cc5b4047e40c0caae996a01f6,119578275.0,False
7da309bf7cd04a2cc5b4047e40c0caae996a01f6,2311781.0,False
05768e8a692d7122f1c54e8bc3a87ef36df235a4,52132506.0,True
05768e8a692d7122f1c54e8bc3a87ef36df235a4,35323115.0,False
05768e8a692d7122f1c54e8bc3a87ef36df235a4,52215281.0,False
05768e8a692d7122f1c54e8bc3a87ef36df235a4,52132265.0,False
05768e8a692d7122f1c54e8bc3a87ef36df235a4,134213930.0,False
17d7be6cb7312ed6942d829e674eb84abe717524,1654096309.0,True
17d7be6cb7312ed6942d829e674eb84abe717524,40859771.0,False
095c69574a9b079c5d9ce9ae4b0c196d6e1e4d60,2183468353.0,True
095c69574a9b079c5d9ce9ae4b0c196d6e1e4d60,9304618.0,False
095c69574a9b079c5d9ce9ae4b0c196d6e1e4d60,2353371.0,False
095c69574a9b079c5d9ce9ae4b0c196d6e1e4d60,1790928.0,False
095c69574a9b079c5d9ce9ae4b0c196d6e1e4d60,7833679.0,False
dd2c89052f4dfb1f1d060b08374469aa1e0f57a6,2073537598.0,True
dd2c89052f4dfb1f1d060b08374469aa1e0f57a6,50881122.0,False
dd2c89052f4dfb1f1d060b08374469aa1e0f57a6,48030585.0,False
dd2c89052f4dfb1f1d060b08374469aa1e0f57a6,2053810395.0,False
dd2c89052f4dfb1f1d060b08374469aa1e0f57a6,50677780.0,False
6573fa74af238d1e3538c026997e31b9f67f19f7,145713687.0,True
6573fa74af238d1e3538c026997e31b9f67f19f7,147004831.0,False
6573fa74af238d1e3538c026997e31b9f67f19f7,2110579552.0,False
1739c6d0cb3bf9c52631520c9fde423179e95eab,2110888438.0,True
1739c6d0cb3bf9c52631520c9fde423179e95eab,1726055641.0,False
1739c6d0cb3bf9c52631520c9fde423179e95eab,47736691.0,False
1739c6d0cb3bf9c52631520c9fde423179e95eab,1771193.0,False
1739c6d0cb3bf9c52631520c9fde423179e95eab,3100634.0,False
80915717a22b055846ca96de3731e5fe832f0413,3298406.0,True
80915717a22b055846ca96de3731e5fe832f0413,2107966707.0,False
80915717a22b055846ca96de3731e5fe832f0413,2152146981.0,False
f134abeaf9bfd41f29b97aec675ec31895bf541d,144758045.0,True
530a059cb48477ad1e3d4f8f4b153274c8997332,1379511816.0,True
530a059cb48477ad1e3d4f8f4b153274c8997332,2058921025.0,False
530a059cb48477ad1e3d4f8f4b153274c8997332,9221552.0,False
530a059cb48477ad1e3d4f8f4b153274c8997332,1379511786.0,False
530a059cb48477ad1e3d4f8f4b153274c8997332,3030006.0,False
530a059cb48477ad1e3d4f8f4b153274c8997332,50449165.0,False
530a059cb48477ad1e3d4f8f4b153274c8997332,39558258.0,False
530a059cb48477ad1e3d4f8f4b153274c8997332,1402195255.0,False
530a059cb48477ad1e3d4f8f4b153274c8997332,145337392.0,False
530a059cb48477ad1e3d4f8f4b153274c8997332,2445552.0,False
530a059cb48477ad1e3d4f8f4b153274c8997332,2091924780.0,False
530a059cb48477ad1e3d4f8f4b153274c8997332,2098723448.0,False
e89dfa306723e8ef031765e9c44e5f6f94fd8fda,144658641.0,True
8dbd57469bb32e6d57f23f5e765bf1c9ac8e080c,121645690.0,True
8dbd57469bb32e6d57f23f5e765bf1c9ac8e080c,143754359.0,False
8dbd57469bb32e6d57f23f5e765bf1c9ac8e080c,2315830.0,False
8dbd57469bb32e6d57f23f5e765bf1c9ac8e080c,120962807.0,False
8dbd57469bb32e6d57f23f5e765bf1c9ac8e080c,2064595436.0,False
8dbd57469bb32e6d57f23f5e765bf1c9ac8e080c,1783184.0,False
8dbd57469bb32e6d57f23f5e765bf1c9ac8e080c,2212084492.0,False
8dbd57469bb32e6d57f23f5e765bf1c9ac8e080c,2109308930.0,False
8dbd57469bb32e6d57f23f5e765bf1c9ac8e080c,152244300.0,False
8dbd57469bb32e6d57f23f5e765bf1c9ac8e080c,23451726.0,False
8dbd57469bb32e6d57f23f5e765bf1c9ac8e080c,40900039.0,False
8dbd57469bb32e6d57f23f5e765bf1c9ac8e080c,2247662718.0,False
8dbd57469bb32e6d57f23f5e765bf1c9ac8e080c,78846919.0,False
8dbd57469bb32e6d57f23f5e765bf1c9ac8e080c,144884116.0,False
21dff47a4142445f83016da0819ffe6dd2947f66,9139705.0,True
21dff47a4142445f83016da0819ffe6dd2947f66,50487490.0,False
4b4279db68b16e20fbc56f9d41980a950191d30a,144404817.0,True
f92922a9fe4e6bb603291249796d80d09d1fd9f3,2319574187.0,True
f92922a9fe4e6bb603291249796d80d09d1fd9f3,2319226126.0,False
2633a948f06a02417a39c9ff4e9c948bbad460d7,2345322820.0,True
2633a948f06a02417a39c9ff4e9c948bbad460d7,2345327280.0,False
2633a948f06a02417a39c9ff4e9c948bbad460d7,2345322880.0,False
2633a948f06a02417a39c9ff4e9c948bbad460d7,2345330491.0,False
2633a948f06a02417a39c9ff4e9c948bbad460d7,2345266364.0,False
2633a948f06a02417a39c9ff4e9c948bbad460d7,2078909624.0,False
2633a948f06a02417a39c9ff4e9c948bbad460d7,2345325714.0,False
7b72711ac2ea7bd7f519cac162a4a6578bbb7d0d,72729174.0,True
7b72711ac2ea7bd7f519cac162a4a6578bbb7d0d,2350447013.0,False
e1d2f2a717aa03280126f87c8e5fad695f52bf7c,2151645335.0,True
e1d2f2a717aa03280126f87c8e5fad695f52bf7c,2279449118.0,False
e1d2f2a717aa03280126f87c8e5fad695f52bf7c,2279513475.0,False
e1d2f2a717aa03280126f87c8e5fad695f52bf7c,2279448452.0,False
5cde474869cb230a29b3ba0f6f685f5162b1a1a1,1716508276.0,True
5cde474869cb230a29b3ba0f6f685f5162b1a1a1,2243408972.0,False
5cde474869cb230a29b3ba0f6f685f5162b1a1a1,50006545.0,False
5cde474869cb230a29b3ba0f6f685f5162b1a1a1,2243412243.0,False
5cde474869cb230a29b3ba0f6f685f5162b1a1a1,2078203152.0,False
5cde474869cb230a29b3ba0f6f685f5162b1a1a1,2159384173.0,False
5cde474869cb230a29b3ba0f6f685f5162b1a1a1,2003687008.0,False
5cde474869cb230a29b3ba0f6f685f5162b1a1a1,144882464.0,False
5cde474869cb230a29b3ba0f6f685f5162b1a1a1,5565754.0,False
5cde474869cb230a29b3ba0f6f685f5162b1a1a1,11708863.0,False
5cde474869cb230a29b3ba0f6f685f5162b1a1a1,12112205.0,False
5cde474869cb230a29b3ba0f6f685f5162b1a1a1,4884356.0,False
5cde474869cb230a29b3ba0f6f685f5162b1a1a1,6458651.0,False
9faa2b0e5cb93f20df0555c3c350fab0b2eccf3a,1557487144.0,True
9faa2b0e5cb93f20df0555c3c350fab0b2eccf3a,2047009195.0,False
9faa2b0e5cb93f20df0555c3c350fab0b2eccf3a,115517806.0,False
9faa2b0e5cb93f20df0555c3c350fab0b2eccf3a,2117715807.0,False
9faa2b0e5cb93f20df0555c3c350fab0b2eccf3a,1702139.0,False
9faa2b0e5cb93f20df0555c3c350fab0b2eccf3a,144758045.0,False
9faa2b0e5cb93f20df0555c3c350fab0b2eccf3a,1453104568.0,False
f08060425aa8a212d74185ee23a08329b89abcd2,46506460.0,True
f08060425aa8a212d74185ee23a08329b89abcd2,2427076.0,False
f08060425aa8a212d74185ee23a08329b89abcd2,93584228.0,False
f08060425aa8a212d74185ee23a08329b89abcd2,2153575781.0,False
f08060425aa8a212d74185ee23a08329b89abcd2,49454094.0,False
f08060425aa8a212d74185ee23a08329b89abcd2,2117941801.0,False
f08060425aa8a212d74185ee23a08329b89abcd2,89356020.0,False
f08060425aa8a212d74185ee23a08329b89abcd2,1563693999.0,False
f08060425aa8a212d74185ee23a08329b89abcd2,2226485816.0,False
f08060425aa8a212d74185ee23a08329b89abcd2,48860334.0,False
f08060425aa8a212d74185ee23a08329b89abcd2,2047844.0,False
f08060425aa8a212d74185ee23a08329b89abcd2,46354410.0,False
f08060425aa8a212d74185ee23a08329b89abcd2,2188778449.0,False
f08060425aa8a212d74185ee23a08329b89abcd2,2226475487.0,False
f08060425aa8a212d74185ee23a08329b89abcd2,143967473.0,False
f08060425aa8a212d74185ee23a08329b89abcd2,1764249.0,False
f08060425aa8a212d74185ee23a08329b89abcd2,1702139.0,False
f08060425aa8a212d74185ee23a08329b89abcd2,2110264337.0,False
f08060425aa8a212d74185ee23a08329b89abcd2,2613935.0,False
f08060425aa8a212d74185ee23a08329b89abcd2,2226493959.0,False
f08060425aa8a212d74185ee23a08329b89abcd2,2378027.0,False
f08060425aa8a212d74185ee23a08329b89abcd2,2159642226.0,False
f08060425aa8a212d74185ee23a08329b89abcd2,1738536.0,False
f08060425aa8a212d74185ee23a08329b89abcd2,2115854801.0,False
f08060425aa8a212d74185ee23a08329b89abcd2,3444569.0,False
f08060425aa8a212d74185ee23a08329b89abcd2,2228923747.0,False
f08060425aa8a212d74185ee23a08329b89abcd2,2181109681.0,False
f08060425aa8a212d74185ee23a08329b89abcd2,13027820.0,False
f08060425aa8a212d74185ee23a08329b89abcd2,1865800402.0,False
f08060425aa8a212d74185ee23a08329b89abcd2,2095762.0,False
e251ba9fe7992fc07a01365a5f8f2b4d9020b875,2168834.0,True
e251ba9fe7992fc07a01365a5f8f2b4d9020b875,46596152.0,False
9dafa6c5c609348b46734fc8997b93b3587fec6e,1795976.0,True
8d984ee2eeabb630014f31fc759d4980830c4bdb,32433579.0,True
8d984ee2eeabb630014f31fc759d4980830c4bdb,4254919.0,False
8d984ee2eeabb630014f31fc759d4980830c4bdb,1738459585.0,False
288078127a3078332230442170f6745ed333c700,152378504.0,True
288078127a3078332230442170f6745ed333c700,2280373812.0,False
8d020275181c69e5e768c6ffc40e09710a6f54f1,119462164.0,True
8d020275181c69e5e768c6ffc40e09710a6f54f1,123247135.0,False
6f4486c3d8ccd638c2a6bcbfafa01b5a3225bcab,153016337.0,True
31f76619329aba7987394ccb8cac6c9a6dd58a56,4429073.0,True
e936f248b2c0489316ed1521656af2564c3502c3,31764087.0,True
e936f248b2c0489316ed1521656af2564c3502c3,1736389.0,False
e936f248b2c0489316ed1521656af2564c3502c3,1975615.0,False
e936f248b2c0489316ed1521656af2564c3502c3,74186014.0,False
e936f248b2c0489316ed1521656af2564c3502c3,4006952.0,False
e936f248b2c0489316ed1521656af2564c3502c3,20313879.0,False
e936f248b2c0489316ed1521656af2564c3502c3,2776517.0,False
e936f248b2c0489316ed1521656af2564c3502c3,34945757.0,False
e936f248b2c0489316ed1521656af2564c3502c3,115529154.0,False
e936f248b2c0489316ed1521656af2564c3502c3,2048644.0,False
e936f248b2c0489316ed1521656af2564c3502c3,47611747.0,False
e936f248b2c0489316ed1521656af2564c3502c3,2160154.0,False
e936f248b2c0489316ed1521656af2564c3502c3,145469718.0,False
e936f248b2c0489316ed1521656af2564c3502c3,3000963.0,False
e936f248b2c0489316ed1521656af2564c3502c3,145479127.0,False
e936f248b2c0489316ed1521656af2564c3502c3,116235596.0,False
e936f248b2c0489316ed1521656af2564c3502c3,1940242.0,False
e936f248b2c0489316ed1521656af2564c3502c3,2185817.0,False
e936f248b2c0489316ed1521656af2564c3502c3,2425367.0,False
e936f248b2c0489316ed1521656af2564c3502c3,1401553965.0,False
e936f248b2c0489316ed1521656af2564c3502c3,34071005.0,False
e936f248b2c0489316ed1521656af2564c3502c3,143772714.0,False
e936f248b2c0489316ed1521656af2564c3502c3,46555127.0,False
e936f248b2c0489316ed1521656af2564c3502c3,1736528.0,False
e936f248b2c0489316ed1521656af2564c3502c3,1699372.0,False
e936f248b2c0489316ed1521656af2564c3502c3,1396879481.0,False
e936f248b2c0489316ed1521656af2564c3502c3,2359250.0,False
e936f248b2c0489316ed1521656af2564c3502c3,145727607.0,False
e936f248b2c0489316ed1521656af2564c3502c3,47044989.0,False
e936f248b2c0489316ed1521656af2564c3502c3,1713683.0,False
e936f248b2c0489316ed1521656af2564c3502c3,4297975.0,False
e936f248b2c0489316ed1521656af2564c3502c3,2969738.0,False
e936f248b2c0489316ed1521656af2564c3502c3,6027579.0,False
e936f248b2c0489316ed1521656af2564c3502c3,2455243.0,False
e936f248b2c0489316ed1521656af2564c3502c3,2059300547.0,False
e936f248b2c0489316ed1521656af2564c3502c3,1397958214.0,False
e936f248b2c0489316ed1521656af2564c3502c3,144140870.0,False
e936f248b2c0489316ed1521656af2564c3502c3,51420525.0,False
e936f248b2c0489316ed1521656af2564c3502c3,1760490.0,False
e936f248b2c0489316ed1521656af2564c3502c3,1883372.0,False
e936f248b2c0489316ed1521656af2564c3502c3,2510671.0,False
e936f248b2c0489316ed1521656af2564c3502c3,38261192.0,False
e936f248b2c0489316ed1521656af2564c3502c3,2013713.0,False
e936f248b2c0489316ed1521656af2564c3502c3,144034058.0,False
e936f248b2c0489316ed1521656af2564c3502c3,143962914.0,False
e936f248b2c0489316ed1521656af2564c3502c3,84257307.0,False
e936f248b2c0489316ed1521656af2564c3502c3,11563451.0,False
e936f248b2c0489316ed1521656af2564c3502c3,3261874.0,False
e936f248b2c0489316ed1521656af2564c3502c3,48709451.0,False
e936f248b2c0489316ed1521656af2564c3502c3,1681130.0,False
e936f248b2c0489316ed1521656af2564c3502c3,143780913.0,False
e936f248b2c0489316ed1521656af2564c3502c3,48019160.0,False
e936f248b2c0489316ed1521656af2564c3502c3,1995836.0,False
8dd0c1e955c66092ff951941a151336211e6e171,113087456.0,True
8dd0c1e955c66092ff951941a151336211e6e171,3817732.0,False
8dd0c1e955c66092ff951941a151336211e6e171,5989466.0,False
8dd0c1e955c66092ff951941a151336211e6e171,2286418480.0,False
8dd0c1e955c66092ff951941a151336211e6e171,2108930648.0,False
8dd0c1e955c66092ff951941a151336211e6e171,2109050852.0,False
8dd0c1e955c66092ff951941a151336211e6e171,150116413.0,False
04eaa03dc670afa88c9f3c83fc8da08ef4d31cdd,31484613.0,True
04eaa03dc670afa88c9f3c83fc8da08ef4d31cdd,145887004.0,False
04eaa03dc670afa88c9f3c83fc8da08ef4d31cdd,2111364371.0,False
04eaa03dc670afa88c9f3c83fc8da08ef4d31cdd,46276394.0,False
04eaa03dc670afa88c9f3c83fc8da08ef4d31cdd,2113674994.0,False
04eaa03dc670afa88c9f3c83fc8da08ef4d31cdd,49569076.0,False
04eaa03dc670afa88c9f3c83fc8da08ef4d31cdd,2168032.0,False
04eaa03dc670afa88c9f3c83fc8da08ef4d31cdd,1460133323.0,False
04eaa03dc670afa88c9f3c83fc8da08ef4d31cdd,2092392423.0,False
04eaa03dc670afa88c9f3c83fc8da08ef4d31cdd,2789936.0,False
04eaa03dc670afa88c9f3c83fc8da08ef4d31cdd,2783717.0,False
04eaa03dc670afa88c9f3c83fc8da08ef4d31cdd,1960349.0,False
04eaa03dc670afa88c9f3c83fc8da08ef4d31cdd,5066050.0,False
04eaa03dc670afa88c9f3c83fc8da08ef4d31cdd,2060382805.0,False
04eaa03dc670afa88c9f3c83fc8da08ef4d31cdd,2037836741.0,False
04eaa03dc670afa88c9f3c83fc8da08ef4d31cdd,3702336.0,False
04eaa03dc670afa88c9f3c83fc8da08ef4d31cdd,2125069683.0,False
04eaa03dc670afa88c9f3c83fc8da08ef4d31cdd,3433186.0,False
04eaa03dc670afa88c9f3c83fc8da08ef4d31cdd,5647616.0,False
04eaa03dc670afa88c9f3c83fc8da08ef4d31cdd,1572233069.0,False
04eaa03dc670afa88c9f3c83fc8da08ef4d31cdd,144101458.0,False
c07802ed8a25998e9bd44ee1ddbcc63b7eb34060,1720852203.0,True
c07802ed8a25998e9bd44ee1ddbcc63b7eb34060,2155125051.0,False
c07802ed8a25998e9bd44ee1ddbcc63b7eb34060,3462170.0,False
c07802ed8a25998e9bd44ee1ddbcc63b7eb34060,2153120965.0,False
c07802ed8a25998e9bd44ee1ddbcc63b7eb34060,2242412700.0,False
4be9368abc2474d6fd38639e523cf03af1873fd9,1406485922.0,True
4be9368abc2474d6fd38639e523cf03af1873fd9,1402636333.0,False
6548106035c7208ad498730627874a482734b9ac,3264408.0,True
6548106035c7208ad498730627874a482734b9ac,1967755.0,False
6548106035c7208ad498730627874a482734b9ac,2112132253.0,False
6548106035c7208ad498730627874a482734b9ac,1395903855.0,False
82e1e8b222aeaca19d45375b31fdc825d1a821b8,3265714.0,True
82e1e8b222aeaca19d45375b31fdc825d1a821b8,2190326370.0,False
06ba782753bad19254db5d28ad4155556f286ee0,48667560.0,True
06ba782753bad19254db5d28ad4155556f286ee0,2013947833.0,False
28b5df48dd23ffc7e7d64fc43e2a420e05ab88f8,2141735101.0,True
28b5df48dd23ffc7e7d64fc43e2a420e05ab88f8,1666260553.0,False
28b5df48dd23ffc7e7d64fc43e2a420e05ab88f8,1764236.0,False
28b5df48dd23ffc7e7d64fc43e2a420e05ab88f8,145914256.0,False
28b5df48dd23ffc7e7d64fc43e2a420e05ab88f8,2153916637.0,False
28b5df48dd23ffc7e7d64fc43e2a420e05ab88f8,2153701193.0,False
28b5df48dd23ffc7e7d64fc43e2a420e05ab88f8,2144797977.0,False
28b5df48dd23ffc7e7d64fc43e2a420e05ab88f8,46909714.0,False
28b5df48dd23ffc7e7d64fc43e2a420e05ab88f8,2136332740.0,False
28b5df48dd23ffc7e7d64fc43e2a420e05ab88f8,2115215055.0,False
28b5df48dd23ffc7e7d64fc43e2a420e05ab88f8,2114076472.0,False
28b5df48dd23ffc7e7d64fc43e2a420e05ab88f8,2116525062.0,False
28b5df48dd23ffc7e7d64fc43e2a420e05ab88f8,2113959133.0,False
28b5df48dd23ffc7e7d64fc43e2a420e05ab88f8,2117315688.0,False
28b5df48dd23ffc7e7d64fc43e2a420e05ab88f8,2111258930.0,False
28b5df48dd23ffc7e7d64fc43e2a420e05ab88f8,2116566794.0,False
28b5df48dd23ffc7e7d64fc43e2a420e05ab88f8,2129460589.0,False
28b5df48dd23ffc7e7d64fc43e2a420e05ab88f8,2113623161.0,False
28b5df48dd23ffc7e7d64fc43e2a420e05ab88f8,2144097347.0,False
28b5df48dd23ffc7e7d64fc43e2a420e05ab88f8,2113618679.0,False
28b5df48dd23ffc7e7d64fc43e2a420e05ab88f8,2156252582.0,False
28b5df48dd23ffc7e7d64fc43e2a420e05ab88f8,2113619066.0,False
c96fc88631f2b8e2fe192027a8a237445635328c,1490772997.0,True
c96fc88631f2b8e2fe192027a8a237445635328c,2075347074.0,False
c96fc88631f2b8e2fe192027a8a237445635328c,2247227.0,False
c96fc88631f2b8e2fe192027a8a237445635328c,2150926755.0,False
c96fc88631f2b8e2fe192027a8a237445635328c,2115232728.0,False
c96fc88631f2b8e2fe192027a8a237445635328c,2118452616.0,False
c96fc88631f2b8e2fe192027a8a237445635328c,2067892164.0,False
c96fc88631f2b8e2fe192027a8a237445635328c,2059911278.0,False
d008893e01fa7f6c5fb01dadf3f97ee96835c303,3372357.0,True
d008893e01fa7f6c5fb01dadf3f97ee96835c303,35255977.0,False
d008893e01fa7f6c5fb01dadf3f97ee96835c303,2355151.0,False
0df5a4f9cc8a244715fe9968732497d2ac2a7cd1,94385031.0,True
0df5a4f9cc8a244715fe9968732497d2ac2a7cd1,39505779.0,False
0df5a4f9cc8a244715fe9968732497d2ac2a7cd1,144159418.0,False
0df5a4f9cc8a244715fe9968732497d2ac2a7cd1,144145211.0,False
0f38b3d717e0fcc6eacc9c6e78b252227440e04e,2151695883.0,True
0f38b3d717e0fcc6eacc9c6e78b252227440e04e,1887514.0,False
0f38b3d717e0fcc6eacc9c6e78b252227440e04e,122523701.0,False
0f38b3d717e0fcc6eacc9c6e78b252227440e04e,1737314.0,False
0f38b3d717e0fcc6eacc9c6e78b252227440e04e,1851223.0,False
0f38b3d717e0fcc6eacc9c6e78b252227440e04e,144668859.0,False
1ff76ab0fcf22110df62337d462e15d79a2a2593,31303748.0,True
1ff76ab0fcf22110df62337d462e15d79a2a2593,12717353.0,False
1ff76ab0fcf22110df62337d462e15d79a2a2593,32069527.0,False
1ff76ab0fcf22110df62337d462e15d79a2a2593,47224454.0,False
1ff76ab0fcf22110df62337d462e15d79a2a2593,9195315.0,False
1ff76ab0fcf22110df62337d462e15d79a2a2593,2061881331.0,False
e8b7a9be9f2d0578a95319ed5841978e10429967,120783473.0,True
799d5a8271887adede035644d878c7bd555576df,3248270.0,True
799d5a8271887adede035644d878c7bd555576df,145663597.0,False
799d5a8271887adede035644d878c7bd555576df,46581566.0,False
799d5a8271887adede035644d878c7bd555576df,145216339.0,False
799d5a8271887adede035644d878c7bd555576df,1576996670.0,False
799d5a8271887adede035644d878c7bd555576df,2071346808.0,False
799d5a8271887adede035644d878c7bd555576df,1403759150.0,False
799d5a8271887adede035644d878c7bd555576df,2418044.0,False
799d5a8271887adede035644d878c7bd555576df,1483744000.0,False
b795c74a0150ec091003ffbaa5bd7d74487c137b,1682824.0,True
b795c74a0150ec091003ffbaa5bd7d74487c137b,1686294.0,False
b795c74a0150ec091003ffbaa5bd7d74487c137b,145531067.0,False
8d67b76222d84dcd337b8a2c78f13837070a79ce,13908907.0,True
8d67b76222d84dcd337b8a2c78f13837070a79ce,2107947507.0,False
8d67b76222d84dcd337b8a2c78f13837070a79ce,2117858766.0,False
8d67b76222d84dcd337b8a2c78f13837070a79ce,2117738618.0,False
da34bdb0d7a6b4a94c22d2f00d89ec877be1ae3f,88225071.0,True
da34bdb0d7a6b4a94c22d2f00d89ec877be1ae3f,97679704.0,False
da34bdb0d7a6b4a94c22d2f00d89ec877be1ae3f,52583435.0,False
da34bdb0d7a6b4a94c22d2f00d89ec877be1ae3f,152412922.0,False
da34bdb0d7a6b4a94c22d2f00d89ec877be1ae3f,2157753105.0,False
da34bdb0d7a6b4a94c22d2f00d89ec877be1ae3f,50517362.0,False
ff74bfbd9ebf4c54809873aecb04be27e9402cb8,2109039649.0,True
ff74bfbd9ebf4c54809873aecb04be27e9402cb8,1891038.0,False
ff74bfbd9ebf4c54809873aecb04be27e9402cb8,1891038.0,False
ff74bfbd9ebf4c54809873aecb04be27e9402cb8,123445664.0,False
ff74bfbd9ebf4c54809873aecb04be27e9402cb8,144782078.0,False
ff74bfbd9ebf4c54809873aecb04be27e9402cb8,2064304090.0,False
ff74bfbd9ebf4c54809873aecb04be27e9402cb8,1911359.0,False
ff74bfbd9ebf4c54809873aecb04be27e9402cb8,98725327.0,False
d5f169880e30e1f76827d72f862555d00b01bed9,1797808.0,True
d5f169880e30e1f76827d72f862555d00b01bed9,2202149907.0,False
d5f169880e30e1f76827d72f862555d00b01bed9,40498308.0,False
5b1e1696564e5a3021ac3a501c9deeb6c0fbc637,2987811.0,True
5b1e1696564e5a3021ac3a501c9deeb6c0fbc637,1691804.0,False
7fb7364cf5f9bd48a9dd3a92a5243aae128afc24,2255220874.0,True
7fb7364cf5f9bd48a9dd3a92a5243aae128afc24,145043192.0,False
8d94832e245906775b428e949ac1f635bfb28ad3,9419406.0,True
8d94832e245906775b428e949ac1f635bfb28ad3,144448479.0,False
8d94832e245906775b428e949ac1f635bfb28ad3,49014513.0,False
e7cf3c1a584b16d5e15e5fbec7c05762385d669e,3038916.0,True
e7cf3c1a584b16d5e15e5fbec7c05762385d669e,143630962.0,False
e7cf3c1a584b16d5e15e5fbec7c05762385d669e,49255057.0,False
e7cf3c1a584b16d5e15e5fbec7c05762385d669e,4671709.0,False
e7cf3c1a584b16d5e15e5fbec7c05762385d669e,4597717.0,False
e7cf3c1a584b16d5e15e5fbec7c05762385d669e,6201726.0,False
e7cf3c1a584b16d5e15e5fbec7c05762385d669e,3101298.0,False
e7cf3c1a584b16d5e15e5fbec7c05762385d669e,2526367.0,False
e7cf3c1a584b16d5e15e5fbec7c05762385d669e,6420805.0,False
e7cf3c1a584b16d5e15e5fbec7c05762385d669e,2109083.0,False
e7cf3c1a584b16d5e15e5fbec7c05762385d669e,4090059.0,False
69a2479a49154e3bd51e44e636ab5692ed20b142,143936663.0,True
9fb01cd85317f84fb4def982a81f19da2571bae1,49025046.0,True
9fb01cd85317f84fb4def982a81f19da2571bae1,1683442.0,False
9fb01cd85317f84fb4def982a81f19da2571bae1,1798723.0,False
9fb01cd85317f84fb4def982a81f19da2571bae1,2152348371.0,False
9fb01cd85317f84fb4def982a81f19da2571bae1,2984143.0,False
5fe8ed6e2c75a3b352be695f423cc2fac19446fa,6639465.0,True
5fe8ed6e2c75a3b352be695f423cc2fac19446fa,49491404.0,False
5fe8ed6e2c75a3b352be695f423cc2fac19446fa,5552754.0,False
5fe8ed6e2c75a3b352be695f423cc2fac19446fa,47777448.0,False
5fe8ed6e2c75a3b352be695f423cc2fac19446fa,10803574.0,False
5fe8ed6e2c75a3b352be695f423cc2fac19446fa,2147608.0,False
5fe8ed6e2c75a3b352be695f423cc2fac19446fa,6420805.0,False
5fe8ed6e2c75a3b352be695f423cc2fac19446fa,2244164.0,False
5fe8ed6e2c75a3b352be695f423cc2fac19446fa,2431330.0,False
7f8859a57e35c66164678710187d4374822411d8,3788191.0,True
7f8859a57e35c66164678710187d4374822411d8,46713376.0,False
7f8859a57e35c66164678710187d4374822411d8,1745796.0,False
7f8859a57e35c66164678710187d4374822411d8,6901141.0,False
7f8859a57e35c66164678710187d4374822411d8,2057427508.0,False
7f8859a57e35c66164678710187d4374822411d8,3368455.0,False
7f8859a57e35c66164678710187d4374822411d8,144560858.0,False
c4dd9a19d822c965ce8cde55ab23b8a0b628278a,46855299.0,True
c4dd9a19d822c965ce8cde55ab23b8a0b628278a,1951080.0,False
c4dd9a19d822c965ce8cde55ab23b8a0b628278a,1950133.0,False
c4dd9a19d822c965ce8cde55ab23b8a0b628278a,3071383.0,False
c4dd9a19d822c965ce8cde55ab23b8a0b628278a,48495089.0,False
c4dd9a19d822c965ce8cde55ab23b8a0b628278a,2875805.0,False
c4dd9a19d822c965ce8cde55ab23b8a0b628278a,3319373.0,False
c4dd9a19d822c965ce8cde55ab23b8a0b628278a,1927081.0,False
c4dd9a19d822c965ce8cde55ab23b8a0b628278a,32273167.0,False
c4dd9a19d822c965ce8cde55ab23b8a0b628278a,2803194.0,False
c4dd9a19d822c965ce8cde55ab23b8a0b628278a,2655665.0,False
c4dd9a19d822c965ce8cde55ab23b8a0b628278a,2332587.0,False
c4dd9a19d822c965ce8cde55ab23b8a0b628278a,1800361.0,False
c4dd9a19d822c965ce8cde55ab23b8a0b628278a,1741426.0,False
c4dd9a19d822c965ce8cde55ab23b8a0b628278a,7364123.0,False
c4dd9a19d822c965ce8cde55ab23b8a0b628278a,1712107.0,False
c4dd9a19d822c965ce8cde55ab23b8a0b628278a,3032035.0,False
c4dd9a19d822c965ce8cde55ab23b8a0b628278a,1732180.0,False
c4dd9a19d822c965ce8cde55ab23b8a0b628278a,1403826262.0,False
c4dd9a19d822c965ce8cde55ab23b8a0b628278a,79909855.0,False
c4dd9a19d822c965ce8cde55ab23b8a0b628278a,1752430.0,False
c4dd9a19d822c965ce8cde55ab23b8a0b628278a,4738873.0,False
69cad06dc26140ef3a7c19f05cbd56a2d04fad1a,2539942.0,True
69cad06dc26140ef3a7c19f05cbd56a2d04fad1a,2049682.0,False
69cad06dc26140ef3a7c19f05cbd56a2d04fad1a,2962175.0,False
80e850ae69e141eab2de754998cb2f617a7c73ef,49446519.0,True
75b868e844e58db707fb5dbf7acbe2e26ba8c122,143930319.0,True
75b868e844e58db707fb5dbf7acbe2e26ba8c122,1775884.0,False
75b868e844e58db707fb5dbf7acbe2e26ba8c122,1925224.0,False
75b868e844e58db707fb5dbf7acbe2e26ba8c122,2215941.0,False
c2872fb23b02597034a179f4adb82a00d6ffda8d,143936663.0,True
ddeea66c9550f99f9a6768d4b240a9fe9957487d,1712041.0,True
ddeea66c9550f99f9a6768d4b240a9fe9957487d,2462253.0,False
b538999f458a12df98d197befcc4426525cf8237,143743802.0,True
b538999f458a12df98d197befcc4426525cf8237,1740145.0,False
728211a7edfe536299670f34714de1b426d969dc,145328899.0,True
728211a7edfe536299670f34714de1b426d969dc,50543766.0,False
728211a7edfe536299670f34714de1b426d969dc,144156242.0,False
728211a7edfe536299670f34714de1b426d969dc,1694780.0,False
896be512ce514903d05357335faaf69a5cf8ce85,117597716.0,True
896be512ce514903d05357335faaf69a5cf8ce85,144857840.0,False
896be512ce514903d05357335faaf69a5cf8ce85,143834658.0,False
896be512ce514903d05357335faaf69a5cf8ce85,83388028.0,False
f39d3e88cce063ccd3ca01100efd44dcabc9d3b4,40116905.0,True
f39d3e88cce063ccd3ca01100efd44dcabc9d3b4,48094094.0,False
0310ff23ec2c0be81ea1af02f9e1fd6672d69f1d,92461194.0,True
0310ff23ec2c0be81ea1af02f9e1fd6672d69f1d,12919831.0,False
a2ec47b9bcc95d2456a8a42199233e5d9129ef18,2152663837.0,True
a2ec47b9bcc95d2456a8a42199233e5d9129ef18,3083159.0,False
a2ec47b9bcc95d2456a8a42199233e5d9129ef18,2008176653.0,False
a2ec47b9bcc95d2456a8a42199233e5d9129ef18,3386660.0,False
aea731e7cf33aa3d482b13f42cedbc1adb3271c6,2022124.0,True
cd8a9914d50b0ac63315872530274d158d6aff09,8804828.0,True
cd8a9914d50b0ac63315872530274d158d6aff09,41016725.0,False
cd8a9914d50b0ac63315872530274d158d6aff09,2789097.0,False
cd8a9914d50b0ac63315872530274d158d6aff09,9965217.0,False
cd8a9914d50b0ac63315872530274d158d6aff09,144889265.0,False
cd8a9914d50b0ac63315872530274d158d6aff09,1678311.0,False
a85c45ce7c893388e8eafa8a653b042e1497db48,27737939.0,True
a85c45ce7c893388e8eafa8a653b042e1497db48,2267664.0,False
a85c45ce7c893388e8eafa8a653b042e1497db48,47909531.0,False
b04550f0722e9614163855ab36fc2430b931a3fe,2109278431.0,True
b04550f0722e9614163855ab36fc2430b931a3fe,2108127558.0,False
20a3ed03888037e2802fa9abad02ffa0a8dcc228,33750513.0,True
20a3ed03888037e2802fa9abad02ffa0a8dcc228,1782962.0,False
20a3ed03888037e2802fa9abad02ffa0a8dcc228,2296584170.0,False
20a3ed03888037e2802fa9abad02ffa0a8dcc228,2100385225.0,False
20a3ed03888037e2802fa9abad02ffa0a8dcc228,46296109.0,False
20a3ed03888037e2802fa9abad02ffa0a8dcc228,3016516.0,False
20a3ed03888037e2802fa9abad02ffa0a8dcc228,3054526.0,False
20a3ed03888037e2802fa9abad02ffa0a8dcc228,1508927034.0,False
20a3ed03888037e2802fa9abad02ffa0a8dcc228,2151893083.0,False
20a3ed03888037e2802fa9abad02ffa0a8dcc228,2149666232.0,False
20a3ed03888037e2802fa9abad02ffa0a8dcc228,144380319.0,False
20a3ed03888037e2802fa9abad02ffa0a8dcc228,40404712.0,False
20a3ed03888037e2802fa9abad02ffa0a8dcc228,1976792.0,False
20a3ed03888037e2802fa9abad02ffa0a8dcc228,52038267.0,False
0456ed94f6c455f99cb67abe8a28aeb3ef9f489b,49164165.0,True
0456ed94f6c455f99cb67abe8a28aeb3ef9f489b,2155660014.0,False
0456ed94f6c455f99cb67abe8a28aeb3ef9f489b,145337328.0,False
0456ed94f6c455f99cb67abe8a28aeb3ef9f489b,47825543.0,False
c0bcd7dc9426a70af15f5ad63b4af92ea4dcbd4d,2137619176.0,True
965359b3008ab50dd04e171551220ec0e7f83aba,115504645.0,True
965359b3008ab50dd04e171551220ec0e7f83aba,2490652.0,False
8f99f5cb3950fcd1628c6a563be4b4fc4966fa66,2320984.0,True
8f99f5cb3950fcd1628c6a563be4b4fc4966fa66,2323137814.0,False
8f99f5cb3950fcd1628c6a563be4b4fc4966fa66,2144425341.0,False
417326e51d78ba8bd2621f23e539b41bbdd336d6,145619185.0,True
417326e51d78ba8bd2621f23e539b41bbdd336d6,2109110276.0,False
2582ab7c70c9e7fcb84545944eba8f3a7f253248,1713934.0,True
2582ab7c70c9e7fcb84545944eba8f3a7f253248,1746841.0,False
2582ab7c70c9e7fcb84545944eba8f3a7f253248,1405061488.0,False
2582ab7c70c9e7fcb84545944eba8f3a7f253248,145183709.0,False
2582ab7c70c9e7fcb84545944eba8f3a7f253248,2406794.0,False
627d7d631fd4e0e2179f82199f014deb7ff0ea0b,145044852.0,True
627d7d631fd4e0e2179f82199f014deb7ff0ea0b,1397895859.0,False
627d7d631fd4e0e2179f82199f014deb7ff0ea0b,1922848.0,False
627d7d631fd4e0e2179f82199f014deb7ff0ea0b,1720971.0,False
627d7d631fd4e0e2179f82199f014deb7ff0ea0b,1735083.0,False
0ac0025529c1f9056036be43c561ba67fb8d12a5,52539408.0,True
ad10ef93675513a68b93d54f3a461160b53318a3,2203851.0,True
ad10ef93675513a68b93d54f3a461160b53318a3,72334032.0,False
ad10ef93675513a68b93d54f3a461160b53318a3,71817237.0,False
ad10ef93675513a68b93d54f3a461160b53318a3,40508582.0,False
e3b94a5f28522e6825aff16ff07d56bd70d26c96,103682810.0,True
d4ae73ac17c6bc8a537df2cebf50c9b4a6b420d5,31933741.0,True
a0afa4ec10b2b060aff0ec676a661c8013c7df1d,32210877.0,True
a0afa4ec10b2b060aff0ec676a661c8013c7df1d,9894852.0,False
a0afa4ec10b2b060aff0ec676a661c8013c7df1d,2454055.0,False
63adc1e5086481e36b19b62707a96b799da51e59,2608638.0,True
63adc1e5086481e36b19b62707a96b799da51e59,48418805.0,False
63adc1e5086481e36b19b62707a96b799da51e59,3160707.0,False
63adc1e5086481e36b19b62707a96b799da51e59,1761763.0,False
96023195e889fc258e6ff30aa99d250982dfae01,40098371.0,True
96023195e889fc258e6ff30aa99d250982dfae01,49960684.0,False
96023195e889fc258e6ff30aa99d250982dfae01,144495622.0,False
96023195e889fc258e6ff30aa99d250982dfae01,1887608.0,False
ccca203382e5dd198c089a0f1d7af7bef0f694e9,2145774899.0,True
ccca203382e5dd198c089a0f1d7af7bef0f694e9,2149052058.0,False
ccca203382e5dd198c089a0f1d7af7bef0f694e9,2153911296.0,False
ccca203382e5dd198c089a0f1d7af7bef0f694e9,40451574.0,False
ccca203382e5dd198c089a0f1d7af7bef0f694e9,143915524.0,False
ccca203382e5dd198c089a0f1d7af7bef0f694e9,4098270.0,False
ccca203382e5dd198c089a0f1d7af7bef0f694e9,144304984.0,False
91b63db746becca15090963a8990dfe2b5103799,144605904.0,True
f117c6f12d067bd66dad40996b3931c069daa2da,47666658.0,True
f117c6f12d067bd66dad40996b3931c069daa2da,145802082.0,False
f117c6f12d067bd66dad40996b3931c069daa2da,1764975.0,False
bf5a42b53d156c0811e88e60d2a49f9fd9367cae,3132693.0,True
bf5a42b53d156c0811e88e60d2a49f9fd9367cae,2841157.0,False
4b06c7e29280b1c6bc05c9df39023b48fef02c93,2855934.0,True
4b06c7e29280b1c6bc05c9df39023b48fef02c93,102471415.0,False
4b06c7e29280b1c6bc05c9df39023b48fef02c93,2087066452.0,False
4b06c7e29280b1c6bc05c9df39023b48fef02c93,133551208.0,False
4b06c7e29280b1c6bc05c9df39023b48fef02c93,2125031571.0,False
4b06c7e29280b1c6bc05c9df39023b48fef02c93,48667025.0,False
85328b4a8132bf4299f8cd7f8e79e850d561c8fc,2269971203.0,True
85328b4a8132bf4299f8cd7f8e79e850d561c8fc,2261850659.0,False
41d4e093d5f7ed5aae1aaa9eb6c037742e4cf9b1,2416504.0,True
41d4e093d5f7ed5aae1aaa9eb6c037742e4cf9b1,2079538975.0,False
cc017a62c605a0749e35a1264a46d62e78fb68b7,46251839.0,True
cc017a62c605a0749e35a1264a46d62e78fb68b7,2237403667.0,False
cc017a62c605a0749e35a1264a46d62e78fb68b7,2283455003.0,False
1bc34cb22131554ba18f6ba9e6ede5beb42939f1,2348402835.0,True
1bc34cb22131554ba18f6ba9e6ede5beb42939f1,39060992.0,False
4e6bba65f7636a655c778a3e54cc58e148468963,38818867.0,True
4e6bba65f7636a655c778a3e54cc58e148468963,48024382.0,False
38f5b53b49be555430f33b8363910191a3df1d14,2150744.0,True
38f5b53b49be555430f33b8363910191a3df1d14,2285074747.0,False
1d174f0e3c391368d0f3384a144a6c7487f2a143,2881033.0,True
1d174f0e3c391368d0f3384a144a6c7487f2a143,46432110.0,False
3a74bed911ccf213d9595b2b02a5b1c4ac4dcaf8,120550117.0,True
178571a5cde984c895493e2eb6c5487449d055cf,2139634153.0,True
178571a5cde984c895493e2eb6c5487449d055cf,12013287.0,False
178571a5cde984c895493e2eb6c5487449d055cf,1500673788.0,False
178571a5cde984c895493e2eb6c5487449d055cf,2156059845.0,False
178571a5cde984c895493e2eb6c5487449d055cf,2110812737.0,False
178571a5cde984c895493e2eb6c5487449d055cf,143908701.0,False
178571a5cde984c895493e2eb6c5487449d055cf,80193067.0,False
bf69c98fca9a9f6c1cde871beddbcdc668b77771,2289710033.0,True
92fd5aaeacaa332a725e72647e20baec5c73b73d,2152634067.0,True
92fd5aaeacaa332a725e72647e20baec5c73b73d,2468335.0,False
b904dcdbd7c7b33938583f2f57d05ca70e121ea9,2186480691.0,True
b904dcdbd7c7b33938583f2f57d05ca70e121ea9,2200758545.0,False
b904dcdbd7c7b33938583f2f57d05ca70e121ea9,2150706913.0,False
b904dcdbd7c7b33938583f2f57d05ca70e121ea9,65965701.0,False
b904dcdbd7c7b33938583f2f57d05ca70e121ea9,2200528122.0,False
b904dcdbd7c7b33938583f2f57d05ca70e121ea9,2143272549.0,False
1597449a7f64b6bd24639b4deab96c8a8c184177,50556355.0,True
1597449a7f64b6bd24639b4deab96c8a8c184177,49776606.0,False
1597449a7f64b6bd24639b4deab96c8a8c184177,29011153.0,False
1597449a7f64b6bd24639b4deab96c8a8c184177,47474337.0,False
1597449a7f64b6bd24639b4deab96c8a8c184177,2153527172.0,False
1597449a7f64b6bd24639b4deab96c8a8c184177,50470670.0,False
f12930cd5f58990badc1a7c5d2749cad004cfb0e,46584628.0,True
f12930cd5f58990badc1a7c5d2749cad004cfb0e,153250242.0,False
f12930cd5f58990badc1a7c5d2749cad004cfb0e,50561597.0,False
f12930cd5f58990badc1a7c5d2749cad004cfb0e,2068352939.0,False
fe44200fed05f9a7c656f2245deded8fd5f5e1e6,119723024.0,True
fe44200fed05f9a7c656f2245deded8fd5f5e1e6,1725285.0,False
3962b74e02f2bcdb634d51bf51e5765807006a44,2167284871.0,True
3962b74e02f2bcdb634d51bf51e5765807006a44,2265487320.0,False
3962b74e02f2bcdb634d51bf51e5765807006a44,2110806790.0,False
3962b74e02f2bcdb634d51bf51e5765807006a44,2295599091.0,False
3962b74e02f2bcdb634d51bf51e5765807006a44,2232575526.0,False
3962b74e02f2bcdb634d51bf51e5765807006a44,5552591.0,False
3962b74e02f2bcdb634d51bf51e5765807006a44,50317934.0,False
3962b74e02f2bcdb634d51bf51e5765807006a44,2248083196.0,False
3962b74e02f2bcdb634d51bf51e5765807006a44,2063098534.0,False
3962b74e02f2bcdb634d51bf51e5765807006a44,2284452493.0,False
3962b74e02f2bcdb634d51bf51e5765807006a44,2265538537.0,False
047eb33ad77581b3bb9611450a917ac2e6967d66,2301072397.0,True
047eb33ad77581b3bb9611450a917ac2e6967d66,2301055120.0,False
627be67feb084f1266cfc36e5aed3c3e7e6ce5f0,71084179.0,True
b204970b0503a923359bff532726666f5e0e971b,1980031.0,True
b204970b0503a923359bff532726666f5e0e971b,2079716.0,False
b204970b0503a923359bff532726666f5e0e971b,2103851.0,False
b204970b0503a923359bff532726666f5e0e971b,2086361492.0,False
b204970b0503a923359bff532726666f5e0e971b,3218646.0,False
b204970b0503a923359bff532726666f5e0e971b,1822092.0,False
b204970b0503a923359bff532726666f5e0e971b,1889237.0,False
b204970b0503a923359bff532726666f5e0e971b,2982449.0,False
48265726215736f7dd7ceccacac488422032397c,7589857.0,True
48265726215736f7dd7ceccacac488422032397c,2000360258.0,False
48265726215736f7dd7ceccacac488422032397c,144055554.0,False
48265726215736f7dd7ceccacac488422032397c,143656578.0,False
02b1607af35b48f0bd716367caf6a7428b969369,3422872.0,True
02b1607af35b48f0bd716367caf6a7428b969369,52227748.0,False
02b1607af35b48f0bd716367caf6a7428b969369,8132903.0,False
02b1607af35b48f0bd716367caf6a7428b969369,2368067.0,False
02b1607af35b48f0bd716367caf6a7428b969369,2058362.0,False
02b1607af35b48f0bd716367caf6a7428b969369,40627523.0,False
2880ac931c11176aee6d42a7e7bb0703aacde3f9,7451623.0,True
2880ac931c11176aee6d42a7e7bb0703aacde3f9,2870153.0,False
2880ac931c11176aee6d42a7e7bb0703aacde3f9,145231047.0,False
bbed457fd04ba4972018382d1a01a0bdde399d3c,2307758147.0,True
39602922b04885047254444fd1a1586d797617ce,2598130.0,True
39602922b04885047254444fd1a1586d797617ce,2153391126.0,False
39602922b04885047254444fd1a1586d797617ce,2121402780.0,False
39602922b04885047254444fd1a1586d797617ce,2115996500.0,False
39602922b04885047254444fd1a1586d797617ce,2108458186.0,False
39602922b04885047254444fd1a1586d797617ce,145101368.0,False
39602922b04885047254444fd1a1586d797617ce,151178570.0,False
39602922b04885047254444fd1a1586d797617ce,2156232708.0,False
39602922b04885047254444fd1a1586d797617ce,2147000717.0,False
39602922b04885047254444fd1a1586d797617ce,2158115122.0,False
39602922b04885047254444fd1a1586d797617ce,2145310081.0,False
39602922b04885047254444fd1a1586d797617ce,2114135568.0,False
39602922b04885047254444fd1a1586d797617ce,144571173.0,False
41d04aa3c25dcfbf1b44ce666c48759e03c216c7,20154699.0,True
41d04aa3c25dcfbf1b44ce666c48759e03c216c7,38300863.0,False
41d04aa3c25dcfbf1b44ce666c48759e03c216c7,2285439911.0,False
41d04aa3c25dcfbf1b44ce666c48759e03c216c7,120658773.0,False
c15f30a3e84910a28cc560e7db097fd99339e8c1,1761236.0,True
c15f30a3e84910a28cc560e7db097fd99339e8c1,2567677.0,False
c15f30a3e84910a28cc560e7db097fd99339e8c1,2399615.0,False
c15f30a3e84910a28cc560e7db097fd99339e8c1,2070897.0,False
c15f30a3e84910a28cc560e7db097fd99339e8c1,1859872.0,False
c15f30a3e84910a28cc560e7db097fd99339e8c1,152303545.0,False
c15f30a3e84910a28cc560e7db097fd99339e8c1,2099250.0,False
c15f30a3e84910a28cc560e7db097fd99339e8c1,145696688.0,False
c15f30a3e84910a28cc560e7db097fd99339e8c1,1790392.0,False
57a3fc6d0aaad3c10c793b4e59390ca04c935282,2969659.0,True
57a3fc6d0aaad3c10c793b4e59390ca04c935282,1712222777.0,False
57a3fc6d0aaad3c10c793b4e59390ca04c935282,1931824459.0,False
57a3fc6d0aaad3c10c793b4e59390ca04c935282,3286242.0,False
57a3fc6d0aaad3c10c793b4e59390ca04c935282,145100089.0,False
c756be2ce7de11627511d068383b62f6ab85d5c4,2353404887.0,True
ada0b87cd5c30d31186c38fb12e631d29426a3bf,144482217.0,True
ada0b87cd5c30d31186c38fb12e631d29426a3bf,2066641.0,False
ada0b87cd5c30d31186c38fb12e631d29426a3bf,1387529184.0,False
ada0b87cd5c30d31186c38fb12e631d29426a3bf,40199213.0,False
ada0b87cd5c30d31186c38fb12e631d29426a3bf,2536434.0,False
ada0b87cd5c30d31186c38fb12e631d29426a3bf,2086593199.0,False
ada0b87cd5c30d31186c38fb12e631d29426a3bf,39309572.0,False
ada0b87cd5c30d31186c38fb12e631d29426a3bf,2403754.0,False
ada0b87cd5c30d31186c38fb12e631d29426a3bf,143666627.0,False
ada0b87cd5c30d31186c38fb12e631d29426a3bf,38565890.0,False
ada0b87cd5c30d31186c38fb12e631d29426a3bf,143834867.0,False
ac91892a8a6b6c3e97aa92b6fa8d54b42cade0ee,2512621.0,True
ac91892a8a6b6c3e97aa92b6fa8d54b42cade0ee,1962485.0,False
ac91892a8a6b6c3e97aa92b6fa8d54b42cade0ee,2043402.0,False
ac91892a8a6b6c3e97aa92b6fa8d54b42cade0ee,40071013.0,False
ac91892a8a6b6c3e97aa92b6fa8d54b42cade0ee,79404966.0,False
5938eb834f05b4ae64dcdabfaa6d4bef70eb0825,2262634335.0,True
5938eb834f05b4ae64dcdabfaa6d4bef70eb0825,49532874.0,False
5938eb834f05b4ae64dcdabfaa6d4bef70eb0825,2292163358.0,False
5938eb834f05b4ae64dcdabfaa6d4bef70eb0825,2254233737.0,False
5938eb834f05b4ae64dcdabfaa6d4bef70eb0825,102934411.0,False
5938eb834f05b4ae64dcdabfaa6d4bef70eb0825,104095516.0,False
5938eb834f05b4ae64dcdabfaa6d4bef70eb0825,47439845.0,False
5938eb834f05b4ae64dcdabfaa6d4bef70eb0825,2327110867.0,False
5938eb834f05b4ae64dcdabfaa6d4bef70eb0825,2048836799.0,False
5938eb834f05b4ae64dcdabfaa6d4bef70eb0825,14762667.0,False
5938eb834f05b4ae64dcdabfaa6d4bef70eb0825,2269204674.0,False
5938eb834f05b4ae64dcdabfaa6d4bef70eb0825,1983792216.0,False
5938eb834f05b4ae64dcdabfaa6d4bef70eb0825,18555073.0,False
5938eb834f05b4ae64dcdabfaa6d4bef70eb0825,152119919.0,False
5938eb834f05b4ae64dcdabfaa6d4bef70eb0825,102608570.0,False
5938eb834f05b4ae64dcdabfaa6d4bef70eb0825,7833566.0,False
5938eb834f05b4ae64dcdabfaa6d4bef70eb0825,3794313.0,False
5938eb834f05b4ae64dcdabfaa6d4bef70eb0825,2970735.0,False
5938eb834f05b4ae64dcdabfaa6d4bef70eb0825,2643028.0,False
5938eb834f05b4ae64dcdabfaa6d4bef70eb0825,52242240.0,False
5938eb834f05b4ae64dcdabfaa6d4bef70eb0825,46180699.0,False
5938eb834f05b4ae64dcdabfaa6d4bef70eb0825,31016109.0,False
5938eb834f05b4ae64dcdabfaa6d4bef70eb0825,4021483.0,False
5938eb834f05b4ae64dcdabfaa6d4bef70eb0825,123428160.0,False
5938eb834f05b4ae64dcdabfaa6d4bef70eb0825,46699393.0,False
5938eb834f05b4ae64dcdabfaa6d4bef70eb0825,2348248084.0,False
5938eb834f05b4ae64dcdabfaa6d4bef70eb0825,153535731.0,False
5938eb834f05b4ae64dcdabfaa6d4bef70eb0825,,False
5938eb834f05b4ae64dcdabfaa6d4bef70eb0825,2109290853.0,False
5938eb834f05b4ae64dcdabfaa6d4bef70eb0825,30014057.0,False
5938eb834f05b4ae64dcdabfaa6d4bef70eb0825,144753838.0,False
5938eb834f05b4ae64dcdabfaa6d4bef70eb0825,2086701671.0,False
5938eb834f05b4ae64dcdabfaa6d4bef70eb0825,2278971019.0,False
5938eb834f05b4ae64dcdabfaa6d4bef70eb0825,81748006.0,False
5938eb834f05b4ae64dcdabfaa6d4bef70eb0825,1998017713.0,False
5938eb834f05b4ae64dcdabfaa6d4bef70eb0825,2305827690.0,False
5938eb834f05b4ae64dcdabfaa6d4bef70eb0825,2141093501.0,False
5938eb834f05b4ae64dcdabfaa6d4bef70eb0825,40828476.0,False
5938eb834f05b4ae64dcdabfaa6d4bef70eb0825,1580634068.0,False
5938eb834f05b4ae64dcdabfaa6d4bef70eb0825,145231552.0,False
5938eb834f05b4ae64dcdabfaa6d4bef70eb0825,2282387546.0,False
5938eb834f05b4ae64dcdabfaa6d4bef70eb0825,2622183.0,False
5938eb834f05b4ae64dcdabfaa6d4bef70eb0825,6737357.0,False
5938eb834f05b4ae64dcdabfaa6d4bef70eb0825,2243972736.0,False
5938eb834f05b4ae64dcdabfaa6d4bef70eb0825,3098650.0,False
5938eb834f05b4ae64dcdabfaa6d4bef70eb0825,7292815.0,False
5938eb834f05b4ae64dcdabfaa6d4bef70eb0825,2006132731.0,False
5938eb834f05b4ae64dcdabfaa6d4bef70eb0825,115713039.0,False
5938eb834f05b4ae64dcdabfaa6d4bef70eb0825,40367217.0,False
5938eb834f05b4ae64dcdabfaa6d4bef70eb0825,2244774861.0,False
5938eb834f05b4ae64dcdabfaa6d4bef70eb0825,2306923640.0,False
5938eb834f05b4ae64dcdabfaa6d4bef70eb0825,2961501.0,False
5938eb834f05b4ae64dcdabfaa6d4bef70eb0825,2327978479.0,False
5938eb834f05b4ae64dcdabfaa6d4bef70eb0825,31279968.0,False
5938eb834f05b4ae64dcdabfaa6d4bef70eb0825,104433712.0,False
5938eb834f05b4ae64dcdabfaa6d4bef70eb0825,1998226708.0,False
5938eb834f05b4ae64dcdabfaa6d4bef70eb0825,144152651.0,False
5938eb834f05b4ae64dcdabfaa6d4bef70eb0825,2340296527.0,False
5938eb834f05b4ae64dcdabfaa6d4bef70eb0825,5434247.0,False
5938eb834f05b4ae64dcdabfaa6d4bef70eb0825,48085695.0,False
5938eb834f05b4ae64dcdabfaa6d4bef70eb0825,2247589646.0,False
5938eb834f05b4ae64dcdabfaa6d4bef70eb0825,9345493.0,False
5938eb834f05b4ae64dcdabfaa6d4bef70eb0825,2266465794.0,False
5938eb834f05b4ae64dcdabfaa6d4bef70eb0825,2246604136.0,False
5938eb834f05b4ae64dcdabfaa6d4bef70eb0825,2269926304.0,False
5938eb834f05b4ae64dcdabfaa6d4bef70eb0825,47397159.0,False
5938eb834f05b4ae64dcdabfaa6d4bef70eb0825,2267157092.0,False
5938eb834f05b4ae64dcdabfaa6d4bef70eb0825,2237594487.0,False
5938eb834f05b4ae64dcdabfaa6d4bef70eb0825,2253578088.0,False
5938eb834f05b4ae64dcdabfaa6d4bef70eb0825,2237543799.0,False
5938eb834f05b4ae64dcdabfaa6d4bef70eb0825,88648241.0,False
5938eb834f05b4ae64dcdabfaa6d4bef70eb0825,2243984826.0,False
5938eb834f05b4ae64dcdabfaa6d4bef70eb0825,75086584.0,False
5938eb834f05b4ae64dcdabfaa6d4bef70eb0825,1398500329.0,False
5938eb834f05b4ae64dcdabfaa6d4bef70eb0825,103092026.0,False
5938eb834f05b4ae64dcdabfaa6d4bef70eb0825,2116856527.0,False
5938eb834f05b4ae64dcdabfaa6d4bef70eb0825,2109889884.0,False
5938eb834f05b4ae64dcdabfaa6d4bef70eb0825,5651234.0,False
5938eb834f05b4ae64dcdabfaa6d4bef70eb0825,145356770.0,False
5938eb834f05b4ae64dcdabfaa6d4bef70eb0825,145084366.0,False
5938eb834f05b4ae64dcdabfaa6d4bef70eb0825,6784524.0,False
5938eb834f05b4ae64dcdabfaa6d4bef70eb0825,102857020.0,False
5938eb834f05b4ae64dcdabfaa6d4bef70eb0825,2227889626.0,False
5938eb834f05b4ae64dcdabfaa6d4bef70eb0825,51981290.0,False
5938eb834f05b4ae64dcdabfaa6d4bef70eb0825,144833697.0,False
5938eb834f05b4ae64dcdabfaa6d4bef70eb0825,47964831.0,False
5938eb834f05b4ae64dcdabfaa6d4bef70eb0825,2244132437.0,False
5938eb834f05b4ae64dcdabfaa6d4bef70eb0825,8305959.0,False
5938eb834f05b4ae64dcdabfaa6d4bef70eb0825,39660735.0,False
5938eb834f05b4ae64dcdabfaa6d4bef70eb0825,2272539659.0,False
5938eb834f05b4ae64dcdabfaa6d4bef70eb0825,102556560.0,False
5938eb834f05b4ae64dcdabfaa6d4bef70eb0825,2274411726.0,False
5938eb834f05b4ae64dcdabfaa6d4bef70eb0825,2057786054.0,False
5938eb834f05b4ae64dcdabfaa6d4bef70eb0825,5516840.0,False
5938eb834f05b4ae64dcdabfaa6d4bef70eb0825,2229171763.0,False
5938eb834f05b4ae64dcdabfaa6d4bef70eb0825,2369234.0,False
5938eb834f05b4ae64dcdabfaa6d4bef70eb0825,2108041626.0,False
5938eb834f05b4ae64dcdabfaa6d4bef70eb0825,2110428946.0,False
5938eb834f05b4ae64dcdabfaa6d4bef70eb0825,2290134150.0,False
5938eb834f05b4ae64dcdabfaa6d4bef70eb0825,50392981.0,False
5938eb834f05b4ae64dcdabfaa6d4bef70eb0825,113996537.0,False
5938eb834f05b4ae64dcdabfaa6d4bef70eb0825,100936205.0,False
5938eb834f05b4ae64dcdabfaa6d4bef70eb0825,92420282.0,False
5938eb834f05b4ae64dcdabfaa6d4bef70eb0825,2241463851.0,False
5938eb834f05b4ae64dcdabfaa6d4bef70eb0825,7742474.0,False
5938eb834f05b4ae64dcdabfaa6d4bef70eb0825,49656578.0,False
5938eb834f05b4ae64dcdabfaa6d4bef70eb0825,,False
5938eb834f05b4ae64dcdabfaa6d4bef70eb0825,115865391.0,False
5938eb834f05b4ae64dcdabfaa6d4bef70eb0825,,False
5938eb834f05b4ae64dcdabfaa6d4bef70eb0825,4804937.0,False
5938eb834f05b4ae64dcdabfaa6d4bef70eb0825,144511608.0,False
5938eb834f05b4ae64dcdabfaa6d4bef70eb0825,3992956.0,False
5938eb834f05b4ae64dcdabfaa6d4bef70eb0825,2325166264.0,False
5938eb834f05b4ae64dcdabfaa6d4bef70eb0825,5001648.0,False
5938eb834f05b4ae64dcdabfaa6d4bef70eb0825,2248148785.0,False
5938eb834f05b4ae64dcdabfaa6d4bef70eb0825,88006109.0,False
5938eb834f05b4ae64dcdabfaa6d4bef70eb0825,2241253510.0,False
5938eb834f05b4ae64dcdabfaa6d4bef70eb0825,2306781298.0,False
5938eb834f05b4ae64dcdabfaa6d4bef70eb0825,47227832.0,False
5938eb834f05b4ae64dcdabfaa6d4bef70eb0825,2237494773.0,False
5938eb834f05b4ae64dcdabfaa6d4bef70eb0825,103147798.0,False
5938eb834f05b4ae64dcdabfaa6d4bef70eb0825,31808099.0,False
5938eb834f05b4ae64dcdabfaa6d4bef70eb0825,2087049085.0,False
5938eb834f05b4ae64dcdabfaa6d4bef70eb0825,104373467.0,False
5938eb834f05b4ae64dcdabfaa6d4bef70eb0825,2307917272.0,False
5938eb834f05b4ae64dcdabfaa6d4bef70eb0825,49314437.0,False
5938eb834f05b4ae64dcdabfaa6d4bef70eb0825,2239166409.0,False
5938eb834f05b4ae64dcdabfaa6d4bef70eb0825,2277886249.0,False
5938eb834f05b4ae64dcdabfaa6d4bef70eb0825,47707320.0,False
5938eb834f05b4ae64dcdabfaa6d4bef70eb0825,2253746057.0,False
5938eb834f05b4ae64dcdabfaa6d4bef70eb0825,103688819.0,False
5938eb834f05b4ae64dcdabfaa6d4bef70eb0825,3875096.0,False
5938eb834f05b4ae64dcdabfaa6d4bef70eb0825,35474952.0,False
5938eb834f05b4ae64dcdabfaa6d4bef70eb0825,120627851.0,False
5938eb834f05b4ae64dcdabfaa6d4bef70eb0825,1388798755.0,False
5938eb834f05b4ae64dcdabfaa6d4bef70eb0825,6561758.0,False
5938eb834f05b4ae64dcdabfaa6d4bef70eb0825,2232461902.0,False
5938eb834f05b4ae64dcdabfaa6d4bef70eb0825,46905080.0,False
5938eb834f05b4ae64dcdabfaa6d4bef70eb0825,2237080191.0,False
5938eb834f05b4ae64dcdabfaa6d4bef70eb0825,2211558884.0,False
5938eb834f05b4ae64dcdabfaa6d4bef70eb0825,101500823.0,False
5938eb834f05b4ae64dcdabfaa6d4bef70eb0825,2327076737.0,False
5938eb834f05b4ae64dcdabfaa6d4bef70eb0825,4230214.0,False
5938eb834f05b4ae64dcdabfaa6d4bef70eb0825,116976511.0,False
5938eb834f05b4ae64dcdabfaa6d4bef70eb0825,2923929.0,False
5938eb834f05b4ae64dcdabfaa6d4bef70eb0825,102705324.0,False
5938eb834f05b4ae64dcdabfaa6d4bef70eb0825,1393675549.0,False
5938eb834f05b4ae64dcdabfaa6d4bef70eb0825,35171471.0,False
5938eb834f05b4ae64dcdabfaa6d4bef70eb0825,102336045.0,False
5938eb834f05b4ae64dcdabfaa6d4bef70eb0825,70878502.0,False
5938eb834f05b4ae64dcdabfaa6d4bef70eb0825,2069607317.0,False
5938eb834f05b4ae64dcdabfaa6d4bef70eb0825,145984719.0,False
5938eb834f05b4ae64dcdabfaa6d4bef70eb0825,30804845.0,False
5938eb834f05b4ae64dcdabfaa6d4bef70eb0825,2528000.0,False
5938eb834f05b4ae64dcdabfaa6d4bef70eb0825,88739233.0,False
5938eb834f05b4ae64dcdabfaa6d4bef70eb0825,153844813.0,False
5938eb834f05b4ae64dcdabfaa6d4bef70eb0825,2243990910.0,False
5938eb834f05b4ae64dcdabfaa6d4bef70eb0825,2309383109.0,False
5938eb834f05b4ae64dcdabfaa6d4bef70eb0825,2340288863.0,False
5938eb834f05b4ae64dcdabfaa6d4bef70eb0825,3420842.0,False
5938eb834f05b4ae64dcdabfaa6d4bef70eb0825,102602522.0,False
5938eb834f05b4ae64dcdabfaa6d4bef70eb0825,,False
5938eb834f05b4ae64dcdabfaa6d4bef70eb0825,103133688.0,False
5938eb834f05b4ae64dcdabfaa6d4bef70eb0825,103335229.0,False
5938eb834f05b4ae64dcdabfaa6d4bef70eb0825,96624949.0,False
5938eb834f05b4ae64dcdabfaa6d4bef70eb0825,2327704618.0,False
5938eb834f05b4ae64dcdabfaa6d4bef70eb0825,1388044851.0,False
5938eb834f05b4ae64dcdabfaa6d4bef70eb0825,49592899.0,False
5938eb834f05b4ae64dcdabfaa6d4bef70eb0825,2258097758.0,False
5938eb834f05b4ae64dcdabfaa6d4bef70eb0825,3907774.0,False
5938eb834f05b4ae64dcdabfaa6d4bef70eb0825,2247433828.0,False
5938eb834f05b4ae64dcdabfaa6d4bef70eb0825,2249211150.0,False
5938eb834f05b4ae64dcdabfaa6d4bef70eb0825,2315799974.0,False
5938eb834f05b4ae64dcdabfaa6d4bef70eb0825,48414037.0,False
5938eb834f05b4ae64dcdabfaa6d4bef70eb0825,13514948.0,False
5938eb834f05b4ae64dcdabfaa6d4bef70eb0825,2143296153.0,False
5938eb834f05b4ae64dcdabfaa6d4bef70eb0825,26416801.0,False
5938eb834f05b4ae64dcdabfaa6d4bef70eb0825,103006391.0,False
5938eb834f05b4ae64dcdabfaa6d4bef70eb0825,48332903.0,False
5938eb834f05b4ae64dcdabfaa6d4bef70eb0825,102602569.0,False
5938eb834f05b4ae64dcdabfaa6d4bef70eb0825,2254802975.0,False
5938eb834f05b4ae64dcdabfaa6d4bef70eb0825,152389681.0,False
5938eb834f05b4ae64dcdabfaa6d4bef70eb0825,93920612.0,False
5938eb834f05b4ae64dcdabfaa6d4bef70eb0825,90442540.0,False
5938eb834f05b4ae64dcdabfaa6d4bef70eb0825,2294575523.0,False
5938eb834f05b4ae64dcdabfaa6d4bef70eb0825,114987633.0,False
5938eb834f05b4ae64dcdabfaa6d4bef70eb0825,7976273.0,False
5938eb834f05b4ae64dcdabfaa6d4bef70eb0825,2000332635.0,False
5938eb834f05b4ae64dcdabfaa6d4bef70eb0825,2305822285.0,False
5938eb834f05b4ae64dcdabfaa6d4bef70eb0825,40763804.0,False
5938eb834f05b4ae64dcdabfaa6d4bef70eb0825,4665590.0,False
5938eb834f05b4ae64dcdabfaa6d4bef70eb0825,7334460.0,False
5938eb834f05b4ae64dcdabfaa6d4bef70eb0825,50640330.0,False
5938eb834f05b4ae64dcdabfaa6d4bef70eb0825,2243241670.0,False
5938eb834f05b4ae64dcdabfaa6d4bef70eb0825,39344608.0,False
5938eb834f05b4ae64dcdabfaa6d4bef70eb0825,,False
5938eb834f05b4ae64dcdabfaa6d4bef70eb0825,1997481447.0,False
5938eb834f05b4ae64dcdabfaa6d4bef70eb0825,2271012232.0,False
5938eb834f05b4ae64dcdabfaa6d4bef70eb0825,90949709.0,False
5938eb834f05b4ae64dcdabfaa6d4bef70eb0825,2258955690.0,False
5938eb834f05b4ae64dcdabfaa6d4bef70eb0825,2276013456.0,False
5938eb834f05b4ae64dcdabfaa6d4bef70eb0825,2178137158.0,False
5938eb834f05b4ae64dcdabfaa6d4bef70eb0825,18138988.0,False
5938eb834f05b4ae64dcdabfaa6d4bef70eb0825,2256460921.0,False
5938eb834f05b4ae64dcdabfaa6d4bef70eb0825,46637792.0,False
5938eb834f05b4ae64dcdabfaa6d4bef70eb0825,2925847.0,False
5938eb834f05b4ae64dcdabfaa6d4bef70eb0825,2022174038.0,False
5938eb834f05b4ae64dcdabfaa6d4bef70eb0825,102801199.0,False
5938eb834f05b4ae64dcdabfaa6d4bef70eb0825,2049771086.0,False
5938eb834f05b4ae64dcdabfaa6d4bef70eb0825,50102829.0,False
5938eb834f05b4ae64dcdabfaa6d4bef70eb0825,103286486.0,False
5938eb834f05b4ae64dcdabfaa6d4bef70eb0825,2761778.0,False
5938eb834f05b4ae64dcdabfaa6d4bef70eb0825,12503077.0,False
5938eb834f05b4ae64dcdabfaa6d4bef70eb0825,2577310.0,False
5938eb834f05b4ae64dcdabfaa6d4bef70eb0825,80965989.0,False
5938eb834f05b4ae64dcdabfaa6d4bef70eb0825,47881455.0,False
5938eb834f05b4ae64dcdabfaa6d4bef70eb0825,114375106.0,False
1a60a9d1eef24e123c27a9eee5a399ac2b620fee,145820435.0,True
1a60a9d1eef24e123c27a9eee5a399ac2b620fee,12905215.0,False
1a60a9d1eef24e123c27a9eee5a399ac2b620fee,145110324.0,False
1a60a9d1eef24e123c27a9eee5a399ac2b620fee,2984224.0,False
1a60a9d1eef24e123c27a9eee5a399ac2b620fee,1682963.0,False
1a60a9d1eef24e123c27a9eee5a399ac2b620fee,9261284.0,False
1a60a9d1eef24e123c27a9eee5a399ac2b620fee,66144903.0,False
febe776e285dc5e72c7e3ee697a87a794e1c00ff,2234493.0,True
febe776e285dc5e72c7e3ee697a87a794e1c00ff,145843577.0,False
febe776e285dc5e72c7e3ee697a87a794e1c00ff,1713669.0,False
915ab7b6ca3633230403d47dbb31cf74888cc5c9,2013116.0,True
915ab7b6ca3633230403d47dbb31cf74888cc5c9,2109167672.0,False
915ab7b6ca3633230403d47dbb31cf74888cc5c9,1680607.0,False
409896dee6e4e3de5fe0d62c3d8b78498d36229b,14063680.0,True
409896dee6e4e3de5fe0d62c3d8b78498d36229b,151163170.0,False
409896dee6e4e3de5fe0d62c3d8b78498d36229b,2070951559.0,False
409896dee6e4e3de5fe0d62c3d8b78498d36229b,47930027.0,False
409896dee6e4e3de5fe0d62c3d8b78498d36229b,5151013.0,False
66781e11f7de7302cac2ec6fd6a0d9f77030687e,145474997.0,True
66781e11f7de7302cac2ec6fd6a0d9f77030687e,2433129.0,False
66781e11f7de7302cac2ec6fd6a0d9f77030687e,2209636.0,False
66781e11f7de7302cac2ec6fd6a0d9f77030687e,144222463.0,False
66781e11f7de7302cac2ec6fd6a0d9f77030687e,3110499.0,False
66781e11f7de7302cac2ec6fd6a0d9f77030687e,144389142.0,False
66781e11f7de7302cac2ec6fd6a0d9f77030687e,144932118.0,False
66781e11f7de7302cac2ec6fd6a0d9f77030687e,2113789298.0,False
66781e11f7de7302cac2ec6fd6a0d9f77030687e,2273875258.0,False
66781e11f7de7302cac2ec6fd6a0d9f77030687e,2273875567.0,False
66781e11f7de7302cac2ec6fd6a0d9f77030687e,2273881741.0,False
66781e11f7de7302cac2ec6fd6a0d9f77030687e,2273898488.0,False
66781e11f7de7302cac2ec6fd6a0d9f77030687e,2273879081.0,False
66781e11f7de7302cac2ec6fd6a0d9f77030687e,2273876483.0,False
66781e11f7de7302cac2ec6fd6a0d9f77030687e,2273819830.0,False
66781e11f7de7302cac2ec6fd6a0d9f77030687e,144499063.0,False
66781e11f7de7302cac2ec6fd6a0d9f77030687e,2273882054.0,False
66781e11f7de7302cac2ec6fd6a0d9f77030687e,2273879302.0,False
66781e11f7de7302cac2ec6fd6a0d9f77030687e,2273898606.0,False
66781e11f7de7302cac2ec6fd6a0d9f77030687e,2273881434.0,False
66781e11f7de7302cac2ec6fd6a0d9f77030687e,2273877403.0,False
66781e11f7de7302cac2ec6fd6a0d9f77030687e,2273875320.0,False
66781e11f7de7302cac2ec6fd6a0d9f77030687e,2257927661.0,False
66781e11f7de7302cac2ec6fd6a0d9f77030687e,2251602395.0,False
66781e11f7de7302cac2ec6fd6a0d9f77030687e,2272802523.0,False
66781e11f7de7302cac2ec6fd6a0d9f77030687e,2273875516.0,False
66781e11f7de7302cac2ec6fd6a0d9f77030687e,5499926.0,False
66781e11f7de7302cac2ec6fd6a0d9f77030687e,2273811142.0,False
66781e11f7de7302cac2ec6fd6a0d9f77030687e,2250842462.0,False
66781e11f7de7302cac2ec6fd6a0d9f77030687e,2250385626.0,False
66781e11f7de7302cac2ec6fd6a0d9f77030687e,2251702882.0,False
66781e11f7de7302cac2ec6fd6a0d9f77030687e,2250332875.0,False
66781e11f7de7302cac2ec6fd6a0d9f77030687e,2273882359.0,False
66781e11f7de7302cac2ec6fd6a0d9f77030687e,92794405.0,False
66781e11f7de7302cac2ec6fd6a0d9f77030687e,93929692.0,False
66781e11f7de7302cac2ec6fd6a0d9f77030687e,102814422.0,False
66781e11f7de7302cac2ec6fd6a0d9f77030687e,2251602395.0,False
66781e11f7de7302cac2ec6fd6a0d9f77030687e,2273881406.0,False
66781e11f7de7302cac2ec6fd6a0d9f77030687e,2107824003.0,False
66781e11f7de7302cac2ec6fd6a0d9f77030687e,2273879072.0,False
66781e11f7de7302cac2ec6fd6a0d9f77030687e,115826295.0,False
66781e11f7de7302cac2ec6fd6a0d9f77030687e,12231949.0,False
66781e11f7de7302cac2ec6fd6a0d9f77030687e,2252947662.0,False
66781e11f7de7302cac2ec6fd6a0d9f77030687e,102481700.0,False
66781e11f7de7302cac2ec6fd6a0d9f77030687e,2273881409.0,False
66781e11f7de7302cac2ec6fd6a0d9f77030687e,3322638.0,False
10ef65b38efce54e0d6b575a895859ebd4ab678c,2202644689.0,True
10ef65b38efce54e0d6b575a895859ebd4ab678c,46701628.0,False
10ef65b38efce54e0d6b575a895859ebd4ab678c,2278262617.0,False
10ef65b38efce54e0d6b575a895859ebd4ab678c,6278337.0,False
10ef65b38efce54e0d6b575a895859ebd4ab678c,2153501082.0,False
182acc7a1c9a63cfdef9f86ee9df43fd75e05060,2062347618.0,True
182acc7a1c9a63cfdef9f86ee9df43fd75e05060,145428675.0,False
182acc7a1c9a63cfdef9f86ee9df43fd75e05060,145331607.0,False
182acc7a1c9a63cfdef9f86ee9df43fd75e05060,8696815.0,False
182acc7a1c9a63cfdef9f86ee9df43fd75e05060,1739998.0,False
182acc7a1c9a63cfdef9f86ee9df43fd75e05060,2349723.0,False
182acc7a1c9a63cfdef9f86ee9df43fd75e05060,35863251.0,False
182acc7a1c9a63cfdef9f86ee9df43fd75e05060,6440741.0,False
182acc7a1c9a63cfdef9f86ee9df43fd75e05060,36523639.0,False
182acc7a1c9a63cfdef9f86ee9df43fd75e05060,35004726.0,False
7c8bd41e9cebdb01f445a51ba43839c8d9b3ab91,1637489841.0,True
7c8bd41e9cebdb01f445a51ba43839c8d9b3ab91,52129294.0,False
7c8bd41e9cebdb01f445a51ba43839c8d9b3ab91,1960843123.0,False
7c8bd41e9cebdb01f445a51ba43839c8d9b3ab91,146714837.0,False
7c8bd41e9cebdb01f445a51ba43839c8d9b3ab91,2169661889.0,False
7c8bd41e9cebdb01f445a51ba43839c8d9b3ab91,2188247966.0,False
7c8bd41e9cebdb01f445a51ba43839c8d9b3ab91,3914622.0,False
7c8bd41e9cebdb01f445a51ba43839c8d9b3ab91,1393630358.0,False
7c8bd41e9cebdb01f445a51ba43839c8d9b3ab91,2188367935.0,False
7c8bd41e9cebdb01f445a51ba43839c8d9b3ab91,145639495.0,False
7c8bd41e9cebdb01f445a51ba43839c8d9b3ab91,48560944.0,False
7c8bd41e9cebdb01f445a51ba43839c8d9b3ab91,2202140.0,False
7c8bd41e9cebdb01f445a51ba43839c8d9b3ab91,3356500.0,False
7c8bd41e9cebdb01f445a51ba43839c8d9b3ab91,4903376.0,False
86dbd884043eb5807c61d2c65b813e673b4a04fa,2049071558.0,True
86dbd884043eb5807c61d2c65b813e673b4a04fa,143808691.0,False
86dbd884043eb5807c61d2c65b813e673b4a04fa,46342348.0,False
86dbd884043eb5807c61d2c65b813e673b4a04fa,2082427140.0,False
24ab4e99e582c9770281eee0a39cbeb70ddd891a,1800004.0,True
24ab4e99e582c9770281eee0a39cbeb70ddd891a,145639495.0,False
b904dcdbd7c7b33938583f2f57d05ca70e121ea9,2186480691.0,True
b904dcdbd7c7b33938583f2f57d05ca70e121ea9,2200758545.0,False
b904dcdbd7c7b33938583f2f57d05ca70e121ea9,2150706913.0,False
b904dcdbd7c7b33938583f2f57d05ca70e121ea9,65965701.0,False
b904dcdbd7c7b33938583f2f57d05ca70e121ea9,2200528122.0,False
b904dcdbd7c7b33938583f2f57d05ca70e121ea9,2143272549.0,False
eccad1576e6c67b2c93a5cb8d384d038fbb161d6,2051791774.0,True
eccad1576e6c67b2c93a5cb8d384d038fbb161d6,143973917.0,False
eccad1576e6c67b2c93a5cb8d384d038fbb161d6,37021971.0,False
1e1cf81a1113482be3f0c280db994a832cb9426a,97233415.0,True
1e1cf81a1113482be3f0c280db994a832cb9426a,34548938.0,False
1e1cf81a1113482be3f0c280db994a832cb9426a,69486668.0,False
1e1cf81a1113482be3f0c280db994a832cb9426a,40452934.0,False
1e1cf81a1113482be3f0c280db994a832cb9426a,144086037.0,False
7669fca7fbc071b4ca78b4c326ff8f3a4b6ae616,23757022.0,True
7669fca7fbc071b4ca78b4c326ff8f3a4b6ae616,29865576.0,False
7669fca7fbc071b4ca78b4c326ff8f3a4b6ae616,2886004.0,False
7669fca7fbc071b4ca78b4c326ff8f3a4b6ae616,32697055.0,False
7669fca7fbc071b4ca78b4c326ff8f3a4b6ae616,1729804.0,False
7669fca7fbc071b4ca78b4c326ff8f3a4b6ae616,1721446.0,False
7669fca7fbc071b4ca78b4c326ff8f3a4b6ae616,150228028.0,False
7669fca7fbc071b4ca78b4c326ff8f3a4b6ae616,1837061.0,False
7669fca7fbc071b4ca78b4c326ff8f3a4b6ae616,1718214.0,False
7669fca7fbc071b4ca78b4c326ff8f3a4b6ae616,38697713.0,False
7669fca7fbc071b4ca78b4c326ff8f3a4b6ae616,35479753.0,False
7669fca7fbc071b4ca78b4c326ff8f3a4b6ae616,47170423.0,False
7669fca7fbc071b4ca78b4c326ff8f3a4b6ae616,119935593.0,False
7669fca7fbc071b4ca78b4c326ff8f3a4b6ae616,3125805.0,False
7669fca7fbc071b4ca78b4c326ff8f3a4b6ae616,145966834.0,False
7669fca7fbc071b4ca78b4c326ff8f3a4b6ae616,2061294792.0,False
7669fca7fbc071b4ca78b4c326ff8f3a4b6ae616,47530702.0,False
7669fca7fbc071b4ca78b4c326ff8f3a4b6ae616,2073961872.0,False
7669fca7fbc071b4ca78b4c326ff8f3a4b6ae616,52129431.0,False
7669fca7fbc071b4ca78b4c326ff8f3a4b6ae616,49997612.0,False
7669fca7fbc071b4ca78b4c326ff8f3a4b6ae616,1717411.0,False
7669fca7fbc071b4ca78b4c326ff8f3a4b6ae616,145033446.0,False
287a7da1801a07cf7fd85ffcc23c79504876ecc0,2154742781.0,True
287a7da1801a07cf7fd85ffcc23c79504876ecc0,1635504630.0,False
287a7da1801a07cf7fd85ffcc23c79504876ecc0,48129278.0,False
287a7da1801a07cf7fd85ffcc23c79504876ecc0,2089054636.0,False
287a7da1801a07cf7fd85ffcc23c79504876ecc0,2108355738.0,False
287a7da1801a07cf7fd85ffcc23c79504876ecc0,2108098765.0,False
287a7da1801a07cf7fd85ffcc23c79504876ecc0,2110018952.0,False
287a7da1801a07cf7fd85ffcc23c79504876ecc0,2040448821.0,False
287a7da1801a07cf7fd85ffcc23c79504876ecc0,2158141874.0,False
c9cc6a3c50b32e801f20b4f0ed5daf3e9550f9c1,1717411.0,True
c9cc6a3c50b32e801f20b4f0ed5daf3e9550f9c1,6450623.0,False
c9cc6a3c50b32e801f20b4f0ed5daf3e9550f9c1,145033446.0,False
b80e2af7ffa85fe2f02ea8390e4915d55c19d199,50037350.0,True
b80e2af7ffa85fe2f02ea8390e4915d55c19d199,47019161.0,False
3f43bcb910df8c1a76de79057a63195e6c6bc258,51435615.0,True
3f43bcb910df8c1a76de79057a63195e6c6bc258,47964724.0,False
3f43bcb910df8c1a76de79057a63195e6c6bc258,32102344.0,False
3f43bcb910df8c1a76de79057a63195e6c6bc258,143674076.0,False
18d87bff073687c025f9bd23ab2dfb20d5f72a66,145772858.0,True
18d87bff073687c025f9bd23ab2dfb20d5f72a66,2116431916.0,False
18d87bff073687c025f9bd23ab2dfb20d5f72a66,38929912.0,False
18d87bff073687c025f9bd23ab2dfb20d5f72a66,9138305.0,False
10d89b13a6309a531c35701d37d3bd76a27a3942,2277231466.0,True
10d89b13a6309a531c35701d37d3bd76a27a3942,2288855760.0,False
6544259ff6b335b1dcec75e031b6d57e5b9509f4,38697713.0,True
6544259ff6b335b1dcec75e031b6d57e5b9509f4,35479753.0,False
6544259ff6b335b1dcec75e031b6d57e5b9509f4,2061294792.0,False
6544259ff6b335b1dcec75e031b6d57e5b9509f4,2119125110.0,False
6544259ff6b335b1dcec75e031b6d57e5b9509f4,2279833566.0,False
6544259ff6b335b1dcec75e031b6d57e5b9509f4,2142142532.0,False
6544259ff6b335b1dcec75e031b6d57e5b9509f4,1729804.0,False
6544259ff6b335b1dcec75e031b6d57e5b9509f4,2056913832.0,False
6544259ff6b335b1dcec75e031b6d57e5b9509f4,29865576.0,False
6544259ff6b335b1dcec75e031b6d57e5b9509f4,2387195.0,False
6544259ff6b335b1dcec75e031b6d57e5b9509f4,119935593.0,False
6544259ff6b335b1dcec75e031b6d57e5b9509f4,2058303089.0,False
6544259ff6b335b1dcec75e031b6d57e5b9509f4,52129431.0,False
6544259ff6b335b1dcec75e031b6d57e5b9509f4,1717411.0,False
6544259ff6b335b1dcec75e031b6d57e5b9509f4,145033446.0,False
18fff2d1ef494f2726b93d2f8a119b874f2e3d1d,1437984708.0,True
18fff2d1ef494f2726b93d2f8a119b874f2e3d1d,46759507.0,False
18fff2d1ef494f2726b93d2f8a119b874f2e3d1d,1796253611.0,False
18fff2d1ef494f2726b93d2f8a119b874f2e3d1d,4428768.0,False
18fff2d1ef494f2726b93d2f8a119b874f2e3d1d,32073567.0,False
18fff2d1ef494f2726b93d2f8a119b874f2e3d1d,145639495.0,False
18fff2d1ef494f2726b93d2f8a119b874f2e3d1d,48560944.0,False
fc61c7221350806c25379f385c27b2102ff8eb57,1515428357.0,True
fc61c7221350806c25379f385c27b2102ff8eb57,151480423.0,False
fc61c7221350806c25379f385c27b2102ff8eb57,2084599260.0,False
fc61c7221350806c25379f385c27b2102ff8eb57,2118902636.0,False
11be2469ab1d1c508e7b6e14148990741ba87884,8336569.0,True
11be2469ab1d1c508e7b6e14148990741ba87884,5499803.0,False
11be2469ab1d1c508e7b6e14148990741ba87884,1402971229.0,False
11be2469ab1d1c508e7b6e14148990741ba87884,3356500.0,False
2d57f5be0f829cdd3633ba28433bd2e3149db8e5,2262395240.0,True
2d57f5be0f829cdd3633ba28433bd2e3149db8e5,2262428111.0,False
2d57f5be0f829cdd3633ba28433bd2e3149db8e5,2780420.0,False
2d57f5be0f829cdd3633ba28433bd2e3149db8e5,119640702.0,False
2d57f5be0f829cdd3633ba28433bd2e3149db8e5,2262253091.0,False
2d57f5be0f829cdd3633ba28433bd2e3149db8e5,2263500999.0,False
2d57f5be0f829cdd3633ba28433bd2e3149db8e5,2187095290.0,False
2d57f5be0f829cdd3633ba28433bd2e3149db8e5,2149809741.0,False
2d57f5be0f829cdd3633ba28433bd2e3149db8e5,2262442746.0,False
714f47bbedcadd7ebc44d2d5010f13323fc6a256,3403873.0,True
714f47bbedcadd7ebc44d2d5010f13323fc6a256,2701137.0,False
714f47bbedcadd7ebc44d2d5010f13323fc6a256,1723397.0,False
4419c5720e30d5ca5158795d4c848125650b8db1,2701137.0,True
4419c5720e30d5ca5158795d4c848125650b8db1,1723397.0,False
4419c5720e30d5ca5158795d4c848125650b8db1,32435123.0,False
4419c5720e30d5ca5158795d4c848125650b8db1,1691320.0,False
4419c5720e30d5ca5158795d4c848125650b8db1,144520698.0,False
398af3c05b9d3e194d419c3af049a76fb4e3afbb,145862114.0,True
398af3c05b9d3e194d419c3af049a76fb4e3afbb,144562120.0,False
398af3c05b9d3e194d419c3af049a76fb4e3afbb,1688314.0,False
d9c6b474fb2f303391b50c9fd59a5f2ce4becc0b,2115811945.0,True
d9c6b474fb2f303391b50c9fd59a5f2ce4becc0b,144204299.0,False
d9c6b474fb2f303391b50c9fd59a5f2ce4becc0b,35195456.0,False
1fa4936fb06319c3f4536c26a447d5507c92bd48,2984224.0,True
1fa4936fb06319c3f4536c26a447d5507c92bd48,103073143.0,False
1fa4936fb06319c3f4536c26a447d5507c92bd48,144637915.0,False
1fa4936fb06319c3f4536c26a447d5507c92bd48,3326354.0,False
4bedaac1acb45ec28d06db7cf49f9b77faf9f652,1807507.0,True
4bedaac1acb45ec28d06db7cf49f9b77faf9f652,1400458662.0,False
4bedaac1acb45ec28d06db7cf49f9b77faf9f652,2083698.0,False
4bedaac1acb45ec28d06db7cf49f9b77faf9f652,3195651.0,False
4bedaac1acb45ec28d06db7cf49f9b77faf9f652,2262442.0,False
4bedaac1acb45ec28d06db7cf49f9b77faf9f652,1714996.0,False
babc3d8ddb6436511cc013cb3bbd57a59f3e872a,1710966.0,True
babc3d8ddb6436511cc013cb3bbd57a59f3e872a,144007515.0,False
babc3d8ddb6436511cc013cb3bbd57a59f3e872a,1708607.0,False
babc3d8ddb6436511cc013cb3bbd57a59f3e872a,1685642.0,False
ac67d5f9c89d8d72fbd074f94079608220348f3f,39376048.0,True
ac67d5f9c89d8d72fbd074f94079608220348f3f,2327080.0,False
ac67d5f9c89d8d72fbd074f94079608220348f3f,145590185.0,False
ac67d5f9c89d8d72fbd074f94079608220348f3f,1856878.0,False
ac67d5f9c89d8d72fbd074f94079608220348f3f,3441349.0,False
ac67d5f9c89d8d72fbd074f94079608220348f3f,143972996.0,False
fa77a44f3f1857361a50c3137d623c35ef8a5739,2285196231.0,True
fa77a44f3f1857361a50c3137d623c35ef8a5739,2243335778.0,False
fa77a44f3f1857361a50c3137d623c35ef8a5739,2434366.0,False
5b34752817bc0d6aa96466dabcbc24a83dd071fe,2899295.0,True
5b34752817bc0d6aa96466dabcbc24a83dd071fe,144658846.0,False
5b34752817bc0d6aa96466dabcbc24a83dd071fe,1750856.0,False
fd0496ab020acf366375615ab40235e6dd3c5897,144145211.0,True
fd0496ab020acf366375615ab40235e6dd3c5897,145917501.0,False
c7660220afe8c91b726a012ceac194f4940bd893,1679469.0,True
c7660220afe8c91b726a012ceac194f4940bd893,2621478.0,False
7fe709ecc1e9d91ff80c5e8fa354bb1a773fa5f2,2108533.0,True
7fe709ecc1e9d91ff80c5e8fa354bb1a773fa5f2,1393644275.0,False
7fe709ecc1e9d91ff80c5e8fa354bb1a773fa5f2,1733076.0,False
7fe709ecc1e9d91ff80c5e8fa354bb1a773fa5f2,143772714.0,False
8332d7dfa45120e880acf81694204ece421e8270,2113453831.0,True
8332d7dfa45120e880acf81694204ece421e8270,1776969.0,False
8332d7dfa45120e880acf81694204ece421e8270,144823472.0,False
8332d7dfa45120e880acf81694204ece421e8270,2118775979.0,False
8332d7dfa45120e880acf81694204ece421e8270,50543766.0,False
e4788ee4f5e90c6f42cedc5116acd2d6475c3180,2840853.0,True
e4788ee4f5e90c6f42cedc5116acd2d6475c3180,1389035902.0,False
e4788ee4f5e90c6f42cedc5116acd2d6475c3180,145531067.0,False
256ccb81d8c3bb63f4299195584b8e9f9d60187a,25017334.0,True
256ccb81d8c3bb63f4299195584b8e9f9d60187a,144255847.0,False
256ccb81d8c3bb63f4299195584b8e9f9d60187a,2015216.0,False
256ccb81d8c3bb63f4299195584b8e9f9d60187a,1398264223.0,False
256ccb81d8c3bb63f4299195584b8e9f9d60187a,2489164.0,False
256ccb81d8c3bb63f4299195584b8e9f9d60187a,147131429.0,False
19b93280f17696a4ddfa2c75490a50ab107addf2,1876123.0,True
19b93280f17696a4ddfa2c75490a50ab107addf2,1756679.0,False
19b93280f17696a4ddfa2c75490a50ab107addf2,1388622435.0,False
19b93280f17696a4ddfa2c75490a50ab107addf2,1404602362.0,False
19b93280f17696a4ddfa2c75490a50ab107addf2,32653213.0,False
19b93280f17696a4ddfa2c75490a50ab107addf2,2635216.0,False
1d2d3fa967d7688e352a86ed77ff762fc6c555ec,1757732.0,True
1d2d3fa967d7688e352a86ed77ff762fc6c555ec,2501124.0,False
52e510271b172d098ec9b107a4159216ec08527e,144502903.0,True
52e510271b172d098ec9b107a4159216ec08527e,1729031.0,False
52e510271b172d098ec9b107a4159216ec08527e,2125469004.0,False
52e510271b172d098ec9b107a4159216ec08527e,2063047670.0,False
52e510271b172d098ec9b107a4159216ec08527e,2069299218.0,False
57e7a7323f58a35f5e2cc33bf17d4ac9cdcafdd4,31121189.0,True
57e7a7323f58a35f5e2cc33bf17d4ac9cdcafdd4,3295650.0,False
57e7a7323f58a35f5e2cc33bf17d4ac9cdcafdd4,3047801.0,False
f76fb3641b7fdbb8aba2eb40217d0c17dcdca682,2353418825.0,True
f76fb3641b7fdbb8aba2eb40217d0c17dcdca682,2353421876.0,False
f76fb3641b7fdbb8aba2eb40217d0c17dcdca682,2353421932.0,False
fa60b6806050255a77699bd0f9f5d824884c5162,2249516636.0,True
fa60b6806050255a77699bd0f9f5d824884c5162,3295650.0,False
fa60b6806050255a77699bd0f9f5d824884c5162,3047801.0,False
fd495d6cf7c3169bc58550fdf32be6e16e2800f8,3358466.0,True
fd495d6cf7c3169bc58550fdf32be6e16e2800f8,33361123.0,False
fd495d6cf7c3169bc58550fdf32be6e16e2800f8,2437910.0,False
fd495d6cf7c3169bc58550fdf32be6e16e2800f8,47214302.0,False
fd495d6cf7c3169bc58550fdf32be6e16e2800f8,34867444.0,False
fd495d6cf7c3169bc58550fdf32be6e16e2800f8,2225350.0,False
fd495d6cf7c3169bc58550fdf32be6e16e2800f8,50265927.0,False
fd495d6cf7c3169bc58550fdf32be6e16e2800f8,47188358.0,False
fd495d6cf7c3169bc58550fdf32be6e16e2800f8,2547529.0,False
fd495d6cf7c3169bc58550fdf32be6e16e2800f8,1794050.0,False
fd495d6cf7c3169bc58550fdf32be6e16e2800f8,1764952.0,False
fd495d6cf7c3169bc58550fdf32be6e16e2800f8,1970375.0,False
fd495d6cf7c3169bc58550fdf32be6e16e2800f8,2113566344.0,False
fd495d6cf7c3169bc58550fdf32be6e16e2800f8,1760557.0,False
fd495d6cf7c3169bc58550fdf32be6e16e2800f8,2441164.0,False
fd495d6cf7c3169bc58550fdf32be6e16e2800f8,49826711.0,False
fd495d6cf7c3169bc58550fdf32be6e16e2800f8,2143637032.0,False
fd495d6cf7c3169bc58550fdf32be6e16e2800f8,123915050.0,False
fd495d6cf7c3169bc58550fdf32be6e16e2800f8,30385000.0,False
fd495d6cf7c3169bc58550fdf32be6e16e2800f8,50632287.0,False
fd495d6cf7c3169bc58550fdf32be6e16e2800f8,2110031255.0,False
fd495d6cf7c3169bc58550fdf32be6e16e2800f8,2054782300.0,False
fd495d6cf7c3169bc58550fdf32be6e16e2800f8,3371112.0,False
fd495d6cf7c3169bc58550fdf32be6e16e2800f8,2109754522.0,False
fd495d6cf7c3169bc58550fdf32be6e16e2800f8,2108239502.0,False
90485e0ce54c1ad12a2d01362a007ab107d71063,144555539.0,True
90485e0ce54c1ad12a2d01362a007ab107d71063,144948041.0,False
90485e0ce54c1ad12a2d01362a007ab107d71063,3182046.0,False
90485e0ce54c1ad12a2d01362a007ab107d71063,2076781545.0,False
90485e0ce54c1ad12a2d01362a007ab107d71063,2668208.0,False
90485e0ce54c1ad12a2d01362a007ab107d71063,1714089.0,False
90485e0ce54c1ad12a2d01362a007ab107d71063,48058907.0,False
90485e0ce54c1ad12a2d01362a007ab107d71063,2458906.0,False
90485e0ce54c1ad12a2d01362a007ab107d71063,2217351.0,False
90485e0ce54c1ad12a2d01362a007ab107d71063,1685371.0,False
90485e0ce54c1ad12a2d01362a007ab107d71063,153574509.0,False
63c4adf203e2e0f9895ff82485a0a701cf3cb650,4554812.0,True
63c4adf203e2e0f9895ff82485a0a701cf3cb650,2834694.0,False
63c4adf203e2e0f9895ff82485a0a701cf3cb650,37163398.0,False
63c4adf203e2e0f9895ff82485a0a701cf3cb650,2113461343.0,False
63c4adf203e2e0f9895ff82485a0a701cf3cb650,6116843.0,False
63c4adf203e2e0f9895ff82485a0a701cf3cb650,50423264.0,False
63c4adf203e2e0f9895ff82485a0a701cf3cb650,2157327836.0,False
63c4adf203e2e0f9895ff82485a0a701cf3cb650,11059942.0,False
63c4adf203e2e0f9895ff82485a0a701cf3cb650,2088607.0,False
2fabff697cd0ec343490f89e8e6587200d97f378,2149662145.0,True
2fabff697cd0ec343490f89e8e6587200d97f378,1785367067.0,False
2fabff697cd0ec343490f89e8e6587200d97f378,2113309268.0,False
2fabff697cd0ec343490f89e8e6587200d97f378,2175549323.0,False
2fabff697cd0ec343490f89e8e6587200d97f378,52211482.0,False
2fabff697cd0ec343490f89e8e6587200d97f378,2147233971.0,False
2fabff697cd0ec343490f89e8e6587200d97f378,5743381.0,False
2fabff697cd0ec343490f89e8e6587200d97f378,2175581044.0,False
2fabff697cd0ec343490f89e8e6587200d97f378,2175540259.0,False
2fabff697cd0ec343490f89e8e6587200d97f378,87679026.0,False
2fabff697cd0ec343490f89e8e6587200d97f378,2175859828.0,False
2fabff697cd0ec343490f89e8e6587200d97f378,2118944636.0,False
98c25683fc8d6446448b734b1bcf08e1457f8d85,2247520360.0,True
98c25683fc8d6446448b734b1bcf08e1457f8d85,1788277.0,False
98c25683fc8d6446448b734b1bcf08e1457f8d85,2285903189.0,False
7b1a7f8fcab2d1671cd907c9bafa81cb784bac1c,2056809516.0,True
7b1a7f8fcab2d1671cd907c9bafa81cb784bac1c,20632783.0,False
7b1a7f8fcab2d1671cd907c9bafa81cb784bac1c,2835362.0,False
7b1a7f8fcab2d1671cd907c9bafa81cb784bac1c,33187839.0,False
7b1a7f8fcab2d1671cd907c9bafa81cb784bac1c,2161035978.0,False
7b1a7f8fcab2d1671cd907c9bafa81cb784bac1c,2066034.0,False
7b1a7f8fcab2d1671cd907c9bafa81cb784bac1c,31531180.0,False
7b1a7f8fcab2d1671cd907c9bafa81cb784bac1c,1721674.0,False
7b1a7f8fcab2d1671cd907c9bafa81cb784bac1c,152946974.0,False
7b1a7f8fcab2d1671cd907c9bafa81cb784bac1c,32248663.0,False
7b1a7f8fcab2d1671cd907c9bafa81cb784bac1c,67278669.0,False
7b1a7f8fcab2d1671cd907c9bafa81cb784bac1c,2192248.0,False
7b1a7f8fcab2d1671cd907c9bafa81cb784bac1c,2190279230.0,False
7b1a7f8fcab2d1671cd907c9bafa81cb784bac1c,2383424.0,False
7b1a7f8fcab2d1671cd907c9bafa81cb784bac1c,2439632.0,False
7b1a7f8fcab2d1671cd907c9bafa81cb784bac1c,9664115.0,False
7b1a7f8fcab2d1671cd907c9bafa81cb784bac1c,153220797.0,False
7b1a7f8fcab2d1671cd907c9bafa81cb784bac1c,51030373.0,False
7b1a7f8fcab2d1671cd907c9bafa81cb784bac1c,1801048.0,False
7b1a7f8fcab2d1671cd907c9bafa81cb784bac1c,2190274959.0,False
7b1a7f8fcab2d1671cd907c9bafa81cb784bac1c,1781476.0,False
7b1a7f8fcab2d1671cd907c9bafa81cb784bac1c,2178905859.0,False
7b1a7f8fcab2d1671cd907c9bafa81cb784bac1c,2190275618.0,False
7b1a7f8fcab2d1671cd907c9bafa81cb784bac1c,1782365.0,False
7b1a7f8fcab2d1671cd907c9bafa81cb784bac1c,143914828.0,False
7b1a7f8fcab2d1671cd907c9bafa81cb784bac1c,49494472.0,False
7b1a7f8fcab2d1671cd907c9bafa81cb784bac1c,48166724.0,False
7b1a7f8fcab2d1671cd907c9bafa81cb784bac1c,6785726.0,False
7b1a7f8fcab2d1671cd907c9bafa81cb784bac1c,2149107070.0,False
7b1a7f8fcab2d1671cd907c9bafa81cb784bac1c,87251245.0,False
7b1a7f8fcab2d1671cd907c9bafa81cb784bac1c,1786042.0,False
7b1a7f8fcab2d1671cd907c9bafa81cb784bac1c,2190274870.0,False
7b1a7f8fcab2d1671cd907c9bafa81cb784bac1c,2319238.0,False
7b1a7f8fcab2d1671cd907c9bafa81cb784bac1c,2172513.0,False
7b1a7f8fcab2d1671cd907c9bafa81cb784bac1c,1795703.0,False
7b1a7f8fcab2d1671cd907c9bafa81cb784bac1c,47110669.0,False
7b1a7f8fcab2d1671cd907c9bafa81cb784bac1c,,False
7b1a7f8fcab2d1671cd907c9bafa81cb784bac1c,1697279.0,False
7b1a7f8fcab2d1671cd907c9bafa81cb784bac1c,145125922.0,False
7b1a7f8fcab2d1671cd907c9bafa81cb784bac1c,2054435269.0,False
1ff4bd599b950218f0517fb76ee49ad0599e1c53,2000280073.0,True
1ff4bd599b950218f0517fb76ee49ad0599e1c53,35095083.0,False
1ff4bd599b950218f0517fb76ee49ad0599e1c53,8632990.0,False
1ff4bd599b950218f0517fb76ee49ad0599e1c53,144294375.0,False
1ff4bd599b950218f0517fb76ee49ad0599e1c53,153053139.0,False
1ff4bd599b950218f0517fb76ee49ad0599e1c53,32226094.0,False
1ff4bd599b950218f0517fb76ee49ad0599e1c53,31602600.0,False
1ff4bd599b950218f0517fb76ee49ad0599e1c53,2225852.0,False
1ff4bd599b950218f0517fb76ee49ad0599e1c53,2471892.0,False
1ff4bd599b950218f0517fb76ee49ad0599e1c53,5827149.0,False
625bdb87e5750faf96fd0c59cb274ff9dda9cbb3,46584000.0,True
625bdb87e5750faf96fd0c59cb274ff9dda9cbb3,2857775.0,False
a41d8c4eddf4054ef080c7edec21b39c492892ee,2108703264.0,True
a41d8c4eddf4054ef080c7edec21b39c492892ee,2116811349.0,False
a41d8c4eddf4054ef080c7edec21b39c492892ee,2353864350.0,False
a41d8c4eddf4054ef080c7edec21b39c492892ee,47906558.0,False
a41d8c4eddf4054ef080c7edec21b39c492892ee,5419411.0,False
7389b6ebbf36f4d869a02e305e2ef52ad2c92264,2201278469.0,True
7389b6ebbf36f4d869a02e305e2ef52ad2c92264,144452053.0,False
7389b6ebbf36f4d869a02e305e2ef52ad2c92264,2201300577.0,False
7389b6ebbf36f4d869a02e305e2ef52ad2c92264,2110791297.0,False
7389b6ebbf36f4d869a02e305e2ef52ad2c92264,50383679.0,False
7389b6ebbf36f4d869a02e305e2ef52ad2c92264,3390833.0,False
70d692ea21491d6d776b2509026e2d366a315fff,2288841025.0,True
be620beb5e8209fefd28cf26b288c74c7ae30db1,26974298.0,True
be620beb5e8209fefd28cf26b288c74c7ae30db1,2150168676.0,False
be620beb5e8209fefd28cf26b288c74c7ae30db1,2225237556.0,False
be620beb5e8209fefd28cf26b288c74c7ae30db1,2125046066.0,False
be620beb5e8209fefd28cf26b288c74c7ae30db1,5176032.0,False
be620beb5e8209fefd28cf26b288c74c7ae30db1,2262425539.0,False
be620beb5e8209fefd28cf26b288c74c7ae30db1,2258508542.0,False
0ff76dd78e47f4534ee148b644f1f2707bc70df5,2172513.0,True
0ff76dd78e47f4534ee148b644f1f2707bc70df5,2066034.0,False
0ff76dd78e47f4534ee148b644f1f2707bc70df5,20632783.0,False
0ff76dd78e47f4534ee148b644f1f2707bc70df5,2826889.0,False
0ff76dd78e47f4534ee148b644f1f2707bc70df5,2835362.0,False
0ff76dd78e47f4534ee148b644f1f2707bc70df5,8217604.0,False
0ff76dd78e47f4534ee148b644f1f2707bc70df5,33187839.0,False
0ff76dd78e47f4534ee148b644f1f2707bc70df5,152946974.0,False
0ff76dd78e47f4534ee148b644f1f2707bc70df5,8671148.0,False
0ff76dd78e47f4534ee148b644f1f2707bc70df5,1742876.0,False
0ff76dd78e47f4534ee148b644f1f2707bc70df5,1751168.0,False
0ff76dd78e47f4534ee148b644f1f2707bc70df5,39833473.0,False
0ff76dd78e47f4534ee148b644f1f2707bc70df5,32248663.0,False
0ff76dd78e47f4534ee148b644f1f2707bc70df5,2383424.0,False
0ff76dd78e47f4534ee148b644f1f2707bc70df5,9664115.0,False
0ff76dd78e47f4534ee148b644f1f2707bc70df5,20880122.0,False
0ff76dd78e47f4534ee148b644f1f2707bc70df5,1801048.0,False
0ff76dd78e47f4534ee148b644f1f2707bc70df5,1398502349.0,False
0ff76dd78e47f4534ee148b644f1f2707bc70df5,2056809516.0,False
0ff76dd78e47f4534ee148b644f1f2707bc70df5,1759274.0,False
0ff76dd78e47f4534ee148b644f1f2707bc70df5,1781476.0,False
0ff76dd78e47f4534ee148b644f1f2707bc70df5,1782365.0,False
0ff76dd78e47f4534ee148b644f1f2707bc70df5,143914828.0,False
0ff76dd78e47f4534ee148b644f1f2707bc70df5,1786042.0,False
0ff76dd78e47f4534ee148b644f1f2707bc70df5,2319238.0,False
0ff76dd78e47f4534ee148b644f1f2707bc70df5,1795703.0,False
0ff76dd78e47f4534ee148b644f1f2707bc70df5,47110669.0,False
0ff76dd78e47f4534ee148b644f1f2707bc70df5,1936676.0,False
703a72ad206272d2022c9b1d7eb775e275f4b39c,2211125690.0,True
703a72ad206272d2022c9b1d7eb775e275f4b39c,75099394.0,False
703a72ad206272d2022c9b1d7eb775e275f4b39c,2211410771.0,False
703a72ad206272d2022c9b1d7eb775e275f4b39c,49047984.0,False
703a72ad206272d2022c9b1d7eb775e275f4b39c,40286491.0,False
703a72ad206272d2022c9b1d7eb775e275f4b39c,7203947.0,False
8002fefd7bcc66c23a8d49aa9a7ae8d4a9885ad3,2422635.0,True
8002fefd7bcc66c23a8d49aa9a7ae8d4a9885ad3,49777873.0,False
8002fefd7bcc66c23a8d49aa9a7ae8d4a9885ad3,2258235.0,False
8002fefd7bcc66c23a8d49aa9a7ae8d4a9885ad3,2154830.0,False
8002fefd7bcc66c23a8d49aa9a7ae8d4a9885ad3,1800800.0,False
8002fefd7bcc66c23a8d49aa9a7ae8d4a9885ad3,50230421.0,False
